<botcomponent schemaname="new_topic_056dd65e9212441e9f286b9fc1a9cb3a_33d5123770ba4daeafae51b361ddc80a">
  <componenttype>0</componenttype>
  <description>Leçon 1 - Dans cette leçon, vous allez apprendre à créer une rubrique simple avec une branche conditionnelle.

Dans les leçons suivantes, vous apprendrez à ajouter et à définir des variables, des conditions des entités.

Bienvenue dans Power Virtual Agents !</description>
  <iscustomizable>1</iscustomizable>
  <name>Leçon 1 - Une rubrique simple</name>
  <statecode>0</statecode>
  <statuscode>1</statuscode>
</botcomponent>