{"swagger":"2.0","info":{"title":"Odata sap","description":"","version":"1.0"},"host":"sapes5.sapdevcenter.com","basePath":"/","schemes":["https"],"consumes":[],"produces":[],"paths":{"/sap/opu/odata/sap/SEPMRA_PROD_MAN/SEPMRA_C_PD_Product":{"get":{"responses":{"default":{"description":"default","schema":{"type":"object","properties":{"d":{"type":"object","properties":{"results":{"type":"array","items":{"type":"object","properties":{"__metadata":{"type":"object","properties":{"id":{"type":"string","description":"id"},"uri":{"type":"string","description":"uri"},"type":{"type":"string","description":"type"}},"description":"__metadata"},"Activation_ac":{"type":"boolean","description":"Activation_ac"},"Copy_ac":{"type":"boolean","description":"Copy_ac"},"Copy_new_supplier_ac":{"type":"boolean","description":"Copy_new_supplier_ac"},"Create_review_post_ac":{"type":"boolean","description":"Create_review_post_ac"},"Delete_ext_ac":{"type":"boolean","description":"Delete_ext_ac"},"Edit_ac":{"type":"boolean","description":"Edit_ac"},"Favorites_add_ac":{"type":"boolean","description":"Favorites_add_ac"},"Favorites_remove_ac":{"type":"boolean","description":"Favorites_remove_ac"},"Favorites_toggle_ac":{"type":"boolean","description":"Favorites_toggle_ac"},"Mycart_add_ac":{"type":"boolean","description":"Mycart_add_ac"},"Preparation_ac":{"type":"boolean","description":"Preparation_ac"},"Validation_ac":{"type":"boolean","description":"Validation_ac"},"ProductForEdit_fc":{"type":"integer","format":"int32","description":"ProductForEdit_fc"},"Product":{"type":"string","description":"Product"},"ProductForEdit":{"type":"string","description":"ProductForEdit"},"ProductCategory":{"type":"string","description":"ProductCategory"},"MainProductCategory":{"type":"string","description":"MainProductCategory"},"Price":{"type":"string","description":"Price"},"Currency":{"type":"string","description":"Currency"},"Height":{"type":"string","description":"Height"},"Width":{"type":"string","description":"Width"},"Depth":{"type":"string","description":"Depth"},"DimensionUnit":{"type":"string","description":"DimensionUnit"},"ProductPictureURL":{"type":"string","description":"ProductPictureURL"},"Supplier":{"type":"string","description":"Supplier"},"ProductBaseUnit":{"type":"string","description":"ProductBaseUnit"},"Weight":{"type":"string","description":"Weight"},"WeightUnit":{"type":"string","description":"WeightUnit"},"OriginalLanguage":{"type":"string","description":"OriginalLanguage"},"Name":{"type":"string","description":"Name"},"DraftUUID":{"type":"string","description":"DraftUUID"},"DraftEntityCreationDateTime":{"type":"string","description":"DraftEntityCreationDateTime"},"DraftEntityLastChangeDateTime":{"type":"string","description":"DraftEntityLastChangeDateTime"},"HasActiveEntity":{"type":"boolean","description":"HasActiveEntity"},"HasDraftEntity":{"type":"boolean","description":"HasDraftEntity"},"IsActiveEntity":{"type":"boolean","description":"IsActiveEntity"}}},"description":"results"}},"description":"d"}}},"headers":{"{":{"description":"{","type":"string"},"\"cache-control\"":{"description":"\"cache-control\"","type":"string"},"\"content-encoding\"":{"description":"\"content-encoding\"","type":"string"},"\"content-length\"":{"description":"\"content-length\"","type":"string"},"\"content-type\"":{"description":"\"content-type\"","type":"string"},"\"dataserviceversion\"":{"description":"\"dataserviceversion\"","type":"string"},"\"sap-metadata-last-modified\"":{"description":"\"sap-metadata-last-modified\"","type":"string"},"\"sap-perf-fesrec\"":{"description":"\"sap-perf-fesrec\"","type":"string"},"\"sap-processing-info\"":{"description":"\"sap-processing-info\"","type":"string"},"\"sap-server\"":{"description":"\"sap-server\"","type":"string"},"\"x-csrf-token\"":{"description":"\"x-csrf-token\"","type":"string"},"\"x-ms-apihub-cached-response\"":{"description":"\"x-ms-apihub-cached-response\"","type":"string"},"\"x-ms-apihub-obo\"":{"description":"\"x-ms-apihub-obo\"","type":"string"},"}":{"description":"}","type":"string"}}}},"summary":"xsfsdfs","description":"fsfsdfs","operationId":"ProductEpm","parameters":[{"name":"$filter","in":"query","required":true,"type":"string","default":"IsActiveEntity eq true","x-ms-visibility":"internal"},{"name":" $top ","in":"query","required":false,"type":"integer"},{"name":"$select","in":"query","required":false,"type":"string"},{"name":"$skip","in":"query","required":false,"type":"number"},{"name":"$format","in":"query","required":true,"type":"string","default":"json","x-ms-visibility":"internal"},{"name":"x-csrf-token","in":"header","required":false,"type":"string","enum":["fetch"]}]}},"/sap/opu/odata/iwbep/gwsample_basic/ProductSet/":{"get":{"responses":{"default":{"description":"default","schema":{}}},"summary":"List product sets","description":"List product sets","operationId":"Listproductsets","parameters":[{"name":"$filter","in":"query","required":false,"type":"string"},{"name":"$format","in":"query","required":true,"type":"string","default":"json","x-ms-visibility":"internal"},{"name":"$top","in":"query","required":false,"type":"number"},{"name":"$skip","in":"query","required":false,"type":"number"},{"name":"$select","in":"query","required":false,"type":"string"},{"name":"x-csrf-token=fetch","in":"header","required":false,"type":"string"}]}}},"definitions":{},"parameters":{},"responses":{},"securityDefinitions":{"undefined":{"type":"basic"}},"security":[],"tags":[]}