{
  "properties": {
    "connectionReferences": {
      "shared_saperp": {
        "runtimeSource": "invoker",
        "connection": {
          "connectionReferenceLogicalName": "pbo_CNX_S4HANA"
        },
        "api": {
          "name": "shared_saperp"
        }
      }
    },
    "definition": {
      "$schema": "https://schema.management.azure.com/providers/Microsoft.Logic/schemas/2016-06-01/workflowdefinition.json#",
      "contentVersion": "1.0.0.0",
      "parameters": {
        "$connections": {
          "defaultValue": {},
          "type": "Object"
        },
        "$authentication": {
          "defaultValue": {},
          "type": "SecureObject"
        }
      },
      "triggers": {
        "manual": {
          "metadata": {
            "operationMetadataId": "507fc763-5556-4aae-954c-b1f8dae1fc3b"
          },
          "type": "Request",
          "kind": "PowerApp",
          "inputs": {
            "schema": {
              "type": "object",
              "properties": {
                "CallSAPfunction_BANK_CTRY": {
                  "type": "string"
                },
                "CallSAPfunction_BANK_KEY": {
                  "type": "string"
                },
                "CallSAPfunction_BANK_NAME": {
                  "type": "string"
                }
              },
              "required": [
                "CallSAPfunction_BANK_CTRY",
                "CallSAPfunction_BANK_KEY",
                "CallSAPfunction_BANK_NAME"
              ]
            }
          }
        }
      },
      "actions": {
        "Call_SAP_function": {
          "runAfter": {},
          "metadata": {
            "operationMetadataId": "4ef485c0-43e4-4df2-8d2c-558556fbd567"
          },
          "type": "OpenApiConnection",
          "inputs": {
            "host": {
              "connectionName": "shared_saperp",
              "operationId": "Invoke",
              "apiId": "/providers/Microsoft.PowerApps/apis/shared_saperp"
            },
            "parameters": {
              "AppServerHost": "s4hana2020.northeurope.cloudapp.azure.com",
              "Client": 100,
              "SystemNumber": "00",
              "function": "ZBAPI_BANK2",
              "isSessionStateful": "Yes",
              "UseSnc": false,
              "SncLibraryPath": "Optional",
              "SncSso": "Off",
              "SncMyName": "Optional",
              "SncPartnerName": "Optional",
              "SncQop": "Default",
              "functionInput/BANK_CTRY": "@triggerBody()['CallSAPfunction_BANK_CTRY']",
              "functionInput/BANK_KEY": "@triggerBody()['CallSAPfunction_BANK_KEY']",
              "functionInput/BANK_NAME": "@triggerBody()['CallSAPfunction_BANK_NAME']"
            },
            "authentication": {
              "value": "@json(decodeBase64(triggerOutputs().headers['X-MS-APIM-Tokens']))['$ConnectionKey']",
              "type": "Raw"
            }
          }
        },
        "Condition": {
          "actions": {
            "Respond_to_a_PowerApp_or_flow_2": {
              "runAfter": {},
              "metadata": {
                "operationMetadataId": "232a4a71-ba86-43d9-ba20-fc882e9ba09f"
              },
              "type": "Response",
              "kind": "PowerApp",
              "inputs": {
                "statusCode": 200,
                "body": {
                  "varresponse": true
                },
                "schema": {
                  "type": "object",
                  "properties": {
                    "varresponse": {
                      "title": "VarResponse",
                      "x-ms-dynamically-added": true,
                      "type": "boolean"
                    }
                  }
                }
              }
            }
          },
          "runAfter": {
            "Call_SAP_function": [
              "Succeeded"
            ]
          },
          "else": {
            "actions": {
              "Respond_to_a_PowerApp_or_flow_3": {
                "runAfter": {},
                "metadata": {
                  "operationMetadataId": "cd3bbe8a-e166-4cea-b759-fdf9738c6285"
                },
                "type": "Response",
                "kind": "PowerApp",
                "inputs": {
                  "statusCode": 200,
                  "body": {
                    "varresponse": false
                  },
                  "schema": {
                    "type": "object",
                    "properties": {
                      "varresponse": {
                        "title": "VarResponse",
                        "x-ms-dynamically-added": true,
                        "type": "boolean"
                      }
                    }
                  }
                }
              }
            }
          },
          "expression": {
            "equals": [
              "@outputs('Call_SAP_function')?['body/RETURN/NUMBER']",
              "000"
            ]
          },
          "metadata": {
            "operationMetadataId": "be765e0d-7bb4-4f21-8609-6dbadb6d23d2"
          },
          "type": "If"
        }
      },
      "outputs": {}
    },
    "templateName": null
  },
  "schemaVersion": "1.0.0.0"
}