{
  "properties": {
    "connectionReferences": {
      "shared_saperp": {
        "runtimeSource": "invoker",
        "connection": {
          "connectionReferenceLogicalName": "pbo_CNX_S4HANA"
        },
        "api": {
          "name": "shared_saperp"
        }
      }
    },
    "definition": {
      "$schema": "https://schema.management.azure.com/providers/Microsoft.Logic/schemas/2016-06-01/workflowdefinition.json#",
      "contentVersion": "1.0.0.0",
      "parameters": {
        "$connections": {
          "defaultValue": {},
          "type": "Object"
        },
        "$authentication": {
          "defaultValue": {},
          "type": "SecureObject"
        }
      },
      "triggers": {
        "manual": {
          "type": "Request",
          "kind": "PowerApp",
          "inputs": {
            "schema": {
              "type": "object",
              "properties": {
                "CallSAPfunction_BANKCOUNTRY": {
                  "type": "string",
                  "description": "Bank Country Key",
                  "x-ms-powerflows-param-ispartial": false
                },
                "CallSAPfunction_BANKKEY": {
                  "type": "string",
                  "description": "Bank Key",
                  "x-ms-powerflows-param-ispartial": false
                }
              },
              "required": [
                "CallSAPfunction_BANKCOUNTRY",
                "CallSAPfunction_BANKKEY"
              ]
            }
          }
        }
      },
      "actions": {
        "Call_SAP_function": {
          "runAfter": {},
          "type": "OpenApiConnection",
          "inputs": {
            "host": {
              "connectionName": "shared_saperp",
              "operationId": "Invoke",
              "apiId": "/providers/Microsoft.PowerApps/apis/shared_saperp"
            },
            "parameters": {
              "AppServerHost": "s4hana2020.northeurope.cloudapp.azure.com",
              "Client": 100,
              "SystemNumber": "00",
              "function": "BAPI_BANK_GETDETAIL",
              "isSessionStateful": "Yes",
              "UseSnc": false,
              "SncLibraryPath": "Optional",
              "SncSso": "Off",
              "SncMyName": "Optional",
              "SncPartnerName": "Optional",
              "SncQop": "Default",
              "functionInput/BANKCOUNTRY": "@triggerBody()['CallSAPfunction_BANKCOUNTRY']",
              "functionInput/BANKKEY": "@triggerBody()['CallSAPfunction_BANKKEY']"
            },
            "authentication": {
              "type": "Raw",
              "value": "@json(decodeBase64(triggerOutputs().headers['X-MS-APIM-Tokens']))['$ConnectionKey']"
            }
          }
        },
        "Respond_to_a_PowerApp_or_flow": {
          "runAfter": {
            "Call_SAP_function": [
              "Succeeded"
            ]
          },
          "type": "Response",
          "kind": "PowerApp",
          "inputs": {
            "statusCode": 200,
            "body": {
              "varbankname": "@outputs('Call_SAP_function')?['body/BANK_ADDRESS/BANK_NAME']",
              "varswift": "@outputs('Call_SAP_function')?['body/BANK_ADDRESS/SWIFT_CODE']",
              "varaddress": "@outputs('Call_SAP_function')?['body/BANK_ADDRESS/STREET']",
              "varpostcode": "@outputs('Call_SAP_function')?['body/BANK_ADDRESS/POST_BANK']",
              "varcity": "@outputs('Call_SAP_function')?['body/BANK_ADDRESS/CITY']",
              "varimg": "@outputs('Call_SAP_function')?['body/BANK_DETAIL/B2B_SUPPORTED']",
              "varbankno": "@outputs('Call_SAP_function')?['body/BANK_ADDRESS/BANK_NO']"
            },
            "schema": {
              "type": "object",
              "properties": {
                "varbankname": {
                  "title": "VarBankName",
                  "x-ms-dynamically-added": true,
                  "type": "string"
                },
                "varswift": {
                  "title": "VarSwift",
                  "x-ms-dynamically-added": true,
                  "type": "string"
                },
                "varaddress": {
                  "title": "VarAddress",
                  "x-ms-dynamically-added": true,
                  "type": "string"
                },
                "varpostcode": {
                  "title": "VarPostcode",
                  "x-ms-dynamically-added": true,
                  "type": "string"
                },
                "varcity": {
                  "title": "VarCity",
                  "x-ms-dynamically-added": true,
                  "type": "string"
                },
                "varimg": {
                  "title": "VarImg",
                  "x-ms-dynamically-added": true,
                  "type": "string"
                },
                "varbankno": {
                  "title": "VarBankNo",
                  "x-ms-dynamically-added": true,
                  "type": "string"
                }
              }
            }
          }
        }
      },
      "outputs": {}
    },
    "templateName": null
  },
  "schemaVersion": "1.0.0.0"
}