{
  "properties": {
    "connectionReferences": {
      "shared_saperp_1": {
        "runtimeSource": "embedded",
        "connection": {
          "connectionReferenceLogicalName": "new_sharedsaperp_cc2d8"
        },
        "api": {
          "name": "shared_saperp"
        }
      }
    },
    "definition": {
      "$schema": "https://schema.management.azure.com/providers/Microsoft.Logic/schemas/2016-06-01/workflowdefinition.json#",
      "contentVersion": "1.0.0.0",
      "parameters": {
        "$connections": {
          "defaultValue": {},
          "type": "Object"
        },
        "$authentication": {
          "defaultValue": {},
          "type": "SecureObject"
        }
      },
      "triggers": {
        "manual": {
          "metadata": {
            "operationMetadataId": "3fffd763-4c94-4c2a-923f-fcd10819a11d"
          },
          "type": "Request",
          "kind": "VirtualAgent",
          "inputs": {
            "schema": {
              "type": "object",
              "properties": {
                "text": {
                  "title": "INPUT-BANK",
                  "type": "string",
                  "x-ms-dynamically-added": true,
                  "description": "Please enter your input",
                  "x-ms-content-hint": "TEXT"
                }
              },
              "required": [
                "text"
              ]
            }
          }
        }
      },
      "actions": {
        "Return_value(s)_to_Power_Virtual_Agents": {
          "runAfter": {
            "Call_SAP_function": [
              "Succeeded"
            ]
          },
          "metadata": {
            "operationMetadataId": "daa9e8e9-0017-4e85-a50a-f1c13ea264da"
          },
          "type": "Response",
          "kind": "VirtualAgent",
          "inputs": {
            "statusCode": 200,
            "body": {
              "varswiftcode": "@outputs('Call_SAP_function')?['body/BANK_ADDRESS/SWIFT_CODE']",
              "varbankname": "@outputs('Call_SAP_function')?['body/BANK_ADDRESS/BANK_NAME']",
              "varbankstreet": "@outputs('Call_SAP_function')?['body/BANK_ADDRESS/STREET']",
              "varbankcity": "@outputs('Call_SAP_function')?['body/BANK_ADDRESS/CITY']"
            },
            "schema": {
              "type": "object",
              "properties": {
                "varswiftcode": {
                  "title": "varSwiftCode",
                  "x-ms-dynamically-added": true,
                  "type": "string"
                },
                "varbankname": {
                  "title": "varBankName",
                  "x-ms-dynamically-added": true,
                  "type": "string"
                },
                "varbankstreet": {
                  "title": "varBankStreet",
                  "x-ms-dynamically-added": true,
                  "type": "string"
                },
                "varbankcity": {
                  "title": "varBankCity",
                  "x-ms-dynamically-added": true,
                  "type": "string"
                }
              }
            }
          }
        },
        "Initialize_variable": {
          "runAfter": {},
          "metadata": {
            "operationMetadataId": "10045b98-c507-4bf8-b1a6-b3b8dca094d0"
          },
          "type": "InitializeVariable",
          "inputs": {
            "variables": [
              {
                "name": "VAR_COUNTRY",
                "type": "string",
                "value": "@triggerBody()['text']"
              }
            ]
          }
        },
        "Call_SAP_function": {
          "runAfter": {
            "Initialize_variable": [
              "Succeeded"
            ]
          },
          "metadata": {
            "operationMetadataId": "c31d6ea9-2306-441c-b425-7a6fd7d4bd6d"
          },
          "type": "OpenApiConnection",
          "inputs": {
            "host": {
              "connectionName": "shared_saperp_1",
              "operationId": "Invoke",
              "apiId": "/providers/Microsoft.PowerApps/apis/shared_saperp"
            },
            "parameters": {
              "AppServerHost": "s4hana2020.northeurope.cloudapp.azure.com",
              "Client": 100,
              "SystemNumber": "00",
              "function": "BAPI_BANK_GETDETAIL",
              "isSessionStateful": "Yes",
              "UseSnc": false,
              "SncLibraryPath": "Optional",
              "SncSso": "Off",
              "SncMyName": "Optional",
              "SncPartnerName": "Optional",
              "SncQop": "Default",
              "functionInput/BANKCOUNTRY": "FR",
              "functionInput/BANKKEY": "@triggerBody()['text']"
            },
            "authentication": "@parameters('$authentication')"
          }
        }
      },
      "outputs": {}
    },
    "templateName": null
  },
  "schemaVersion": "1.0.0.0"
}