{
  "properties": {
    "connectionReferences": {
      "shared_saperp": {
        "runtimeSource": "invoker",
        "connection": {
          "connectionReferenceLogicalName": "pbo_CNX_S4HANA"
        },
        "api": {
          "name": "shared_saperp"
        }
      }
    },
    "definition": {
      "$schema": "https://schema.management.azure.com/providers/Microsoft.Logic/schemas/2016-06-01/workflowdefinition.json#",
      "contentVersion": "1.0.0.0",
      "parameters": {
        "$connections": {
          "defaultValue": {},
          "type": "Object"
        },
        "$authentication": {
          "defaultValue": {},
          "type": "SecureObject"
        }
      },
      "triggers": {
        "manual": {
          "metadata": {
            "operationMetadataId": "ffadfe04-55bf-4834-a196-abc0658e814c"
          },
          "type": "Request",
          "kind": "PowerAppV2",
          "inputs": {
            "schema": {
              "type": "object",
              "properties": {
                "text": {
                  "title": "INPUT-VAR_COUNTRY",
                  "type": "string",
                  "x-ms-dynamically-added": true,
                  "description": "Please enter your input",
                  "x-ms-content-hint": "TEXT"
                }
              },
              "required": [
                "text"
              ]
            }
          }
        }
      },
      "actions": {
        "INIT_-_VAR_COUNTRY": {
          "runAfter": {},
          "metadata": {
            "operationMetadataId": "888c943d-fe33-4634-a909-1d3e8c779e02"
          },
          "type": "InitializeVariable",
          "inputs": {
            "variables": [
              {
                "name": "VAR_COUNTRY",
                "type": "string",
                "value": "@triggerBody()['text']"
              }
            ]
          }
        },
        "Call_SAP_function_-_BAPI_BANK_GETLIST": {
          "runAfter": {
            "INIT_-_VAR_COUNTRY": [
              "Succeeded"
            ]
          },
          "metadata": {
            "operationMetadataId": "a3517ca0-c53f-4164-8bf4-109d7dff496b"
          },
          "type": "OpenApiConnection",
          "inputs": {
            "host": {
              "connectionName": "shared_saperp",
              "operationId": "Invoke",
              "apiId": "/providers/Microsoft.PowerApps/apis/shared_saperp"
            },
            "parameters": {
              "AppServerHost": "s4hana2020.northeurope.cloudapp.azure.com",
              "Client": 100,
              "SystemNumber": "00",
              "function": "BAPI_BANK_GETLIST",
              "isSessionStateful": "Yes",
              "UseSnc": false,
              "SncLibraryPath": "Optional",
              "SncSso": "Off",
              "SncMyName": "Optional",
              "SncPartnerName": "Optional",
              "SncQop": "Default",
              "functionInput/BANK_CTRY": "@variables('VAR_COUNTRY')"
            },
            "authentication": "@parameters('$authentication')"
          }
        },
        "Create_HTML_table_with_SAP_Output": {
          "runAfter": {
            "Call_SAP_function_-_BAPI_BANK_GETLIST": [
              "Succeeded"
            ]
          },
          "metadata": {
            "operationMetadataId": "f63ec227-dd5f-4d5f-9510-82c63a079043"
          },
          "type": "Table",
          "inputs": {
            "from": "@outputs('Call_SAP_function_-_BAPI_BANK_GETLIST')?['body/BANK_LIST']",
            "format": "HTML"
          }
        },
        "Response_200": {
          "runAfter": {
            "Create_HTML_table_with_SAP_Output": [
              "Succeeded"
            ]
          },
          "metadata": {
            "operationMetadataId": "6d719deb-6512-4bc0-8f3e-060ac8f15d41"
          },
          "type": "Response",
          "kind": "Http",
          "inputs": {
            "statusCode": 200,
            "body": "@outputs('Call_SAP_function_-_BAPI_BANK_GETLIST')?['body/BANK_LIST']",
            "schema": {
              "type": "array",
              "items": {
                "type": "object",
                "properties": {
                  "BANK_CTRY": {
                    "type": "string"
                  },
                  "BANK_KEY": {
                    "type": "string"
                  },
                  "BANK_NAME": {
                    "type": "string"
                  },
                  "CITY": {
                    "type": "string"
                  }
                },
                "required": [
                  "BANK_CTRY",
                  "BANK_KEY",
                  "BANK_NAME",
                  "CITY"
                ]
              }
            }
          }
        }
      },
      "outputs": {}
    },
    "templateName": null
  },
  "schemaVersion": "1.0.0.0"
}