{
  "properties": {
    "connectionReferences": {
      "shared_sap-20odata-20-5bsample-5d-20connector-5f189f75-fa3ed1b65ac928ff": {
        "runtimeSource": "embedded",
        "connection": {
          "connectionReferenceLogicalName": "new_sharedsap20odata205bsample5d20connector5f189f75fa3ed1b65ac928ff_a3124"
        },
        "api": {
          "name": "shared_sap-20odata-20-5bsample-5d-20connector-5f189f75-fa3ed1b65ac928ff"
        }
      }
    },
    "definition": {
      "$schema": "https://schema.management.azure.com/providers/Microsoft.Logic/schemas/2016-06-01/workflowdefinition.json#",
      "contentVersion": "1.0.0.0",
      "parameters": {
        "$connections": {
          "defaultValue": {},
          "type": "Object"
        },
        "$authentication": {
          "defaultValue": {},
          "type": "SecureObject"
        }
      },
      "triggers": {
        "manual": {
          "metadata": {
            "operationMetadataId": "a0670e18-8322-4c35-821b-097324a3a81b"
          },
          "type": "Request",
          "kind": "VirtualAgent",
          "inputs": {
            "schema": {
              "type": "object",
              "properties": {
                "text": {
                  "title": "VarInput_salesOrderID",
                  "type": "string",
                  "x-ms-dynamically-added": true,
                  "description": "Please enter your input",
                  "x-ms-content-hint": "TEXT"
                }
              },
              "required": [
                "text"
              ]
            }
          }
        }
      },
      "actions": {
        "Return_value(s)_to_Power_Virtual_Agents": {
          "runAfter": {
            "Get_sales_order": [
              "Succeeded"
            ]
          },
          "metadata": {
            "operationMetadataId": "4cf98c1f-9680-47a3-8a68-03c070a56a70"
          },
          "type": "Response",
          "kind": "VirtualAgent",
          "inputs": {
            "statusCode": 200,
            "body": {
              "varcustname": "@outputs('Get_sales_order')?['body/d/CustomerName']",
              "varnetamount": "@outputs('Get_sales_order')?['body/d/NetAmount']",
              "vargrossamount": "@outputs('Get_sales_order')?['body/d/GrossAmount']",
              "vardeliverystatus": "@outputs('Get_sales_order')?['body/d/DeliveryStatusDescription']",
              "varbillingstatus": "@outputs('Get_sales_order')?['body/d/BillingStatusDescription']",
              "vardatecreation": "@outputs('Get_sales_order')?['body/d/CreatedAt']",
              "varnote": "@outputs('Get_sales_order')?['body/d/Note']",
              "varcurrency": "@outputs('Get_sales_order')?['body/d/CurrencyCode']",
              "vartaxamount": "@outputs('Get_sales_order')?['body/d/TaxAmount']"
            },
            "schema": {
              "type": "object",
              "properties": {
                "varcustname": {
                  "title": "varCustName",
                  "x-ms-dynamically-added": true,
                  "type": "string"
                },
                "varnetamount": {
                  "title": "varNetAmount",
                  "x-ms-dynamically-added": true,
                  "type": "string"
                },
                "vargrossamount": {
                  "title": "varGrossAmount",
                  "x-ms-dynamically-added": true,
                  "type": "string"
                },
                "vardeliverystatus": {
                  "title": "varDeliveryStatus",
                  "x-ms-dynamically-added": true,
                  "type": "string"
                },
                "varbillingstatus": {
                  "title": "varBillingStatus",
                  "x-ms-dynamically-added": true,
                  "type": "string"
                },
                "vardatecreation": {
                  "title": "varDateCreation",
                  "x-ms-dynamically-added": true,
                  "type": "string"
                },
                "varnote": {
                  "title": "varNote",
                  "x-ms-dynamically-added": true,
                  "type": "string"
                },
                "varcurrency": {
                  "title": "varCurrency",
                  "x-ms-dynamically-added": true,
                  "type": "string"
                },
                "vartaxamount": {
                  "title": "varTaxAmount",
                  "x-ms-dynamically-added": true,
                  "type": "string"
                }
              }
            }
          }
        },
        "Get_sales_order": {
          "runAfter": {},
          "metadata": {
            "operationMetadataId": "33ff000d-93b8-4f71-ae0a-a8463ae8a1e2"
          },
          "type": "OpenApiConnection",
          "inputs": {
            "host": {
              "connectionName": "shared_sap-20odata-20-5bsample-5d-20connector-5f189f75-fa3ed1b65ac928ff",
              "operationId": "GetSalesOrder",
              "apiId": "/providers/Microsoft.PowerApps/apis/shared_sap-20odata-20-5bsample-5d-20connector-5f189f75-fa3ed1b65ac928ff"
            },
            "parameters": {
              "id": "@triggerBody()['text']",
              "x-csrf-token": "fetch"
            },
            "authentication": "@parameters('$authentication')"
          }
        }
      },
      "outputs": {}
    },
    "templateName": null
  },
  "schemaVersion": "1.0.0.0"
}