{
  "namedEntities": [
    {
      "synonyms": [
        "home"
      ],
      "id": "ff0ca6dd-de7a-4bee-b849-16210d63f3c5",
      "displayName": "Utilisateur à domicile",
      "updatedTime": "2021-04-15T05:56:52.1887164Z",
      "updatedUserId": "e88d611a-22f0-41c8-b086-51159e0798cf"
    },
    {
      "synonyms": [
        "gaming"
      ],
      "id": "2ccf421b-89a6-43a8-8b4f-b8d8f63b58bf",
      "displayName": "Joueur",
      "updatedTime": "2021-04-15T05:56:52.1887164Z",
      "updatedUserId": "e88d611a-22f0-41c8-b086-51159e0798cf"
    },
    {
      "synonyms": [
        "business"
      ],
      "id": "2d32734c-9552-47c5-963b-563fe1d9ea7e",
      "displayName": "Utilisateur professionnel",
      "updatedTime": "2021-04-15T05:56:52.1887164Z",
      "updatedUserId": "e88d611a-22f0-41c8-b086-51159e0798cf"
    }
  ],
  "createdUtc": "0001-01-01T00:00:00Z",
  "closedListTypes": [
    {
      "namedEntities": [
        "ff0ca6dd-de7a-4bee-b849-16210d63f3c5",
        "2ccf421b-89a6-43a8-8b4f-b8d8f63b58bf",
        "2d32734c-9552-47c5-963b-563fe1d9ea7e"
      ],
      "smartMatchingEnabled": true,
      "customTypeSchema": "ClosedList",
      "id": "new_customtype_056dd65e9212441e9f286b9fc1a9cb3a_f86fcadfd497444e91ed11c12b059d10",
      "displayName": "Type d'utilisation",
      "description": "Leçon 4 Entité Type d'utilisation",
      "createdTime": "2019-10-25T14:03:43.9601778Z",
      "updatedTime": "2021-04-15T05:56:52.1887164Z",
      "createdUserId": "user0",
      "updatedUserId": "e88d611a-22f0-41c8-b086-51159e0798cf"
    }
  ]
}