<ImportExportXml xmlns:xsi="http://www.w3.org/2001/XMLSchema-instance">
  <Entities></Entities>
  <Roles></Roles>
  <Workflows>
    <Workflow WorkflowId="{6a0bb412-f88c-ed11-81ad-000d3add5c5f}" Name="SAPEPM_UpdateProduct">
      <JsonFileName>/Workflows/SAPEPM_UpdateProduct-6A0BB412-F88C-ED11-81AD-000D3ADD5C5F.json</JsonFileName>
      <Type>1</Type>
      <Subprocess>0</Subprocess>
      <Category>5</Category>
      <Mode>0</Mode>
      <Scope>4</Scope>
      <OnDemand>0</OnDemand>
      <TriggerOnCreate>0</TriggerOnCreate>
      <TriggerOnDelete>0</TriggerOnDelete>
      <AsyncAutodelete>0</AsyncAutodelete>
      <SyncWorkflowLogOnFailure>0</SyncWorkflowLogOnFailure>
      <StateCode>1</StateCode>
      <StatusCode>2</StatusCode>
      <RunAs>1</RunAs>
      <IsTransacted>1</IsTransacted>
      <IntroducedVersion>1.0</IntroducedVersion>
      <IsCustomizable>1</IsCustomizable>
      <BusinessProcessType>0</BusinessProcessType>
      <IsCustomProcessingStepAllowedForOtherPublishers>1</IsCustomProcessingStepAllowedForOtherPublishers>
      <PrimaryEntity>none</PrimaryEntity>
      <LocalizedNames>
        <LocalizedName languagecode="1033" description="SAPEPM_UpdateProduct" />
      </LocalizedNames>
    </Workflow>
    <Workflow WorkflowId="{62087ba2-9c8d-ed11-81ad-000d3add5c5f}" Name="SAP Test">
      <JsonFileName>/Workflows/SAPTest-62087BA2-9C8D-ED11-81AD-000D3ADD5C5F.json</JsonFileName>
      <Type>1</Type>
      <Subprocess>0</Subprocess>
      <Category>5</Category>
      <Mode>0</Mode>
      <Scope>4</Scope>
      <OnDemand>0</OnDemand>
      <TriggerOnCreate>0</TriggerOnCreate>
      <TriggerOnDelete>0</TriggerOnDelete>
      <AsyncAutodelete>0</AsyncAutodelete>
      <SyncWorkflowLogOnFailure>0</SyncWorkflowLogOnFailure>
      <StateCode>1</StateCode>
      <StatusCode>2</StatusCode>
      <RunAs>1</RunAs>
      <IsTransacted>1</IsTransacted>
      <IntroducedVersion>1.0.0.0</IntroducedVersion>
      <IsCustomizable>1</IsCustomizable>
      <BusinessProcessType>0</BusinessProcessType>
      <IsCustomProcessingStepAllowedForOtherPublishers>1</IsCustomProcessingStepAllowedForOtherPublishers>
      <PrimaryEntity>none</PrimaryEntity>
      <LocalizedNames>
        <LocalizedName languagecode="1033" description="SAP Test" />
      </LocalizedNames>
    </Workflow>
    <Workflow WorkflowId="{19176a0f-fe8c-ed11-81ad-000d3adf6c55}" Name="SAPEPM_AddProduct">
      <JsonFileName>/Workflows/SAPEPM_AddProduct-19176A0F-FE8C-ED11-81AD-000D3ADF6C55.json</JsonFileName>
      <Type>1</Type>
      <Subprocess>0</Subprocess>
      <Category>5</Category>
      <Mode>0</Mode>
      <Scope>4</Scope>
      <OnDemand>0</OnDemand>
      <TriggerOnCreate>0</TriggerOnCreate>
      <TriggerOnDelete>0</TriggerOnDelete>
      <AsyncAutodelete>0</AsyncAutodelete>
      <SyncWorkflowLogOnFailure>0</SyncWorkflowLogOnFailure>
      <StateCode>1</StateCode>
      <StatusCode>2</StatusCode>
      <RunAs>1</RunAs>
      <IsTransacted>1</IsTransacted>
      <IntroducedVersion>1.0</IntroducedVersion>
      <IsCustomizable>1</IsCustomizable>
      <BusinessProcessType>0</BusinessProcessType>
      <IsCustomProcessingStepAllowedForOtherPublishers>1</IsCustomProcessingStepAllowedForOtherPublishers>
      <PrimaryEntity>none</PrimaryEntity>
      <LocalizedNames>
        <LocalizedName languagecode="1033" description="SAPEPM_AddProduct" />
      </LocalizedNames>
    </Workflow>
  </Workflows>
  <FieldSecurityProfiles></FieldSecurityProfiles>
  <Templates />
  <EntityMaps />
  <EntityRelationships />
  <OrganizationSettings />
  <optionsets />
  <CustomControls />
  <EntityDataProviders />
  <CanvasApps>
    <CanvasApp>
      <Name>sapazfr_sapepmproductsdemo_d6382</Name>
      <AppVersion>2023-01-16T18:25:32Z</AppVersion>
      <Status>Ready</Status>
      <CreatedByClientVersion>3.22122.15.0</CreatedByClientVersion>
      <MinClientVersion>3.22122.15.0</MinClientVersion>
      <Tags>{"primaryDeviceWidth":"1366","primaryDeviceHeight":"768","supportsPortrait":"false","supportsLandscape":"true","primaryFormFactor":"Tablet","publisherVersion":"3.22122.15","minimumRequiredApiVersion":"2.2.0","hasComponent":"true","hasUnlockedComponent":"true","isUnifiedRootApp":"false","sienaVersion":"20221220T103614Z-3.22122.15.0"}</Tags>
      <IsCdsUpgraded>0</IsCdsUpgraded>
      <GalleryItemId xsi:nil="true"></GalleryItemId>
      <BackgroundColor>rgba(220, 199, 240, 1)</BackgroundColor>
      <DisplayName>SAP EPM Products Demo</DisplayName>
      <Description xsi:nil="true"></Description>
      <CommitMessage xsi:nil="true"></CommitMessage>
      <Publisher xsi:nil="true"></Publisher>
      <AuthorizationReferences>[]</AuthorizationReferences>
      <ConnectionReferences>{"67ffef65-d91a-48b0-8b90-99cf0d49ef22":{"id":"/providers/microsoft.powerapps/apis/shared_odata-20sap-5fc7cc3d5d9ac403c5-5fd67991090fccf8a3","displayName":"Odata sap","iconUri":"https://az787822.vo.msecnd.net/defaulticons/api-dedicated.png","dataSources":["Odatasap"],"dependencies":[],"dependents":[],"parameterHints":{},"parameterHintsV2":{},"isOnPremiseConnection":false,"bypassConsent":false,"dataSets":{},"apiTier":"Standard","actions":["ProductEpm"],"customApiLogicalName":"sapazfr_odata-20sap","isCustomApiSolutionAware":true},"61118642-03c9-4926-a460-d198d9912735":{"id":"/providers/microsoft.powerapps/apis/shared_sap-20odata-20connector-5fc7cc3d5d9ac403c5-5fd67991090fccf8a3","displayName":"SAP ODATA Connector","iconUri":"https://prodapiicons.cdn.powerappscdn.net/20221212t000000zfe2c00b704fe4000be7551671b533fa1/icon.png","dataSources":["SAPODATAConnector"],"dependencies":[],"dependents":[],"parameterHints":{},"parameterHintsV2":{},"isOnPremiseConnection":false,"bypassConsent":false,"dataSets":{},"apiTier":"Standard","actions":["ListProductSets","GetBusinessPartner","GetProduct","ListProductCategory","ListBusinessPartner"],"customApiLogicalName":"sapazfr_sap-20odata-20connector","isCustomApiSolutionAware":true},"3e96974e-5a08-49a0-ab92-7e7a1cfbaec7":{"id":"/providers/microsoft.powerapps/apis/shared_office365users","displayName":"Utilisateurs d’Office 365","iconUri":"https://connectoricons-prod.azureedge.net/releases/v1.0.1611/1.0.1611.3104/office365users/icon.png","dataSources":["Utilisateursd’Office365"],"dependencies":[],"dependents":[],"parameterHints":{},"parameterHintsV2":{},"isOnPremiseConnection":false,"bypassConsent":false,"dataSets":{},"apiTier":"Standard","actions":["UserPhoto_V2","MyProfile"],"isCustomApiSolutionAware":false},"94f0655c-10ce-4d95-a90b-80f6dc57dbb8":{"id":"/providers/microsoft.powerapps/apis/shared_logicflows","displayName":"Flux logiques","iconUri":"https://connectoricons-prod.azureedge.net/releases/v1.0.1534/1.0.1534.2605/logicflows/icon.png","dataSources":["SAPEPM_UpdateProduct"],"dependencies":["a633b4e2-8755-4b6e-8519-f2004646fcec"],"dependents":[],"parameterHints":{"workflowName":{"value":"f2a10062-50cb-486a-ac5a-ce93566ddfa6"},"workflowEntityId":{"value":"6a0bb412-f88c-ed11-81ad-000d3add5c5f"},"a633b4e2-8755-4b6e-8519-f2004646fcec":{"value":"shared_sap-20odata-20connector-5fc7cc3d5d9ac403c5-5fd67991090fccf8a3"}},"parameterHintsV2":{"workflowName":{"value":"f2a10062-50cb-486a-ac5a-ce93566ddfa6"},"workflowEntityId":{"value":"6a0bb412-f88c-ed11-81ad-000d3add5c5f"},"shared_sap-20odata-20connector-5fc7cc3d5d9ac403c5-5fd67991090fccf8a3":{"value":"a633b4e2-8755-4b6e-8519-f2004646fcec"}},"isOnPremiseConnection":false,"bypassConsent":false,"dataSets":{},"apiTier":"Standard","actions":["Run"],"isCustomApiSolutionAware":false},"a633b4e2-8755-4b6e-8519-f2004646fcec":{"id":"/providers/microsoft.powerapps/apis/shared_sap-20odata-20connector-5fc7cc3d5d9ac403c5-5fd67991090fccf8a3","displayName":"SAP ODATA Connector","iconUri":"https://prodapiicons.cdn.powerappscdn.net/20221212t000000zfe2c00b704fe4000be7551671b533fa1/icon.png","dataSources":[],"dependencies":[],"dependents":["94f0655c-10ce-4d95-a90b-80f6dc57dbb8","a7798531-01b4-44bf-b7ed-ef0ac0667766"],"parameterHints":{},"parameterHintsV2":{},"isOnPremiseConnection":false,"bypassConsent":false,"dataSets":{},"apiTier":"Standard","customApiLogicalName":"sapazfr_sap-20odata-20connector","isCustomApiSolutionAware":true},"a7798531-01b4-44bf-b7ed-ef0ac0667766":{"id":"/providers/microsoft.powerapps/apis/shared_logicflows","displayName":"Flux logiques","iconUri":"https://connectoricons-prod.azureedge.net/releases/v1.0.1534/1.0.1534.2605/logicflows/icon.png","dataSources":["SAPEPM_AddProduct"],"dependencies":["a633b4e2-8755-4b6e-8519-f2004646fcec"],"dependents":[],"parameterHints":{"workflowName":{"value":"fafe191f-4768-4b71-bda4-2c2e604f2aba"},"workflowEntityId":{"value":"19176a0f-fe8c-ed11-81ad-000d3adf6c55"},"a633b4e2-8755-4b6e-8519-f2004646fcec":{"value":"shared_sap-20odata-20connector-5fc7cc3d5d9ac403c5-5fd67991090fccf8a3"}},"parameterHintsV2":{"workflowName":{"value":"fafe191f-4768-4b71-bda4-2c2e604f2aba"},"workflowEntityId":{"value":"19176a0f-fe8c-ed11-81ad-000d3adf6c55"},"shared_sap-20odata-20connector-5fc7cc3d5d9ac403c5-5fd67991090fccf8a3":{"value":"a633b4e2-8755-4b6e-8519-f2004646fcec"}},"isOnPremiseConnection":false,"bypassConsent":false,"dataSets":{},"apiTier":"Standard","actions":["Run"],"isCustomApiSolutionAware":false}}</ConnectionReferences>
      <DatabaseReferences>{}</DatabaseReferences>
      <AppComponents>[]</AppComponents>
      <AppComponentDependencies>[]</AppComponentDependencies>
      <CanConsumeAppPass>1</CanConsumeAppPass>
      <CanvasAppType>0</CanvasAppType>
      <BypassConsent>0</BypassConsent>
      <AdminControlBypassConsent>0</AdminControlBypassConsent>
      <EmbeddedApp xsi:nil="true"></EmbeddedApp>
      <IntroducedVersion>1.0</IntroducedVersion>
      <CdsDependencies>{"cdsdependencies":[{"logicalname":"sapazfr_odata-20sap","componenttype":372,"componenttypeplatformname":"connector"},{"logicalname":"sapazfr_sap-20odata-20connector","componenttype":372,"componenttypeplatformname":"connector"}]}</CdsDependencies>
      <IsCustomizable>1</IsCustomizable>
      <BackgroundImageUri>/CanvasApps/sapazfr_sapepmproductsdemo_d6382_BackgroundImageUri</BackgroundImageUri>
      <DocumentUri>/CanvasApps/sapazfr_sapepmproductsdemo_d6382_DocumentUri.msapp</DocumentUri>
    </CanvasApp>
  </CanvasApps>
  <Connectors>
    <Connector>
      <connectorid>a89aa8cb-5112-438d-a56d-a25b2e29df0f</connectorid>
      <description></description>
      <displayname>Odata sap</displayname>
      <iconbrandcolor>#007ee5</iconbrandcolor>
      <name>sapazfr_odata-20sap</name>
      <connectortype>1</connectortype>
      <openapidefinition>/Connector/sapazfr_odata-20sap_openapidefinition.json</openapidefinition>
      <connectionparameters>/Connector/sapazfr_odata-20sap_connectionparameters.json</connectionparameters>
      <policytemplateinstances>/Connector/sapazfr_odata-20sap_policytemplateinstances.json</policytemplateinstances>
      <iconblob>/Connector/sapazfr_odata-20sap_iconblob.Png</iconblob>
    </Connector>
    <Connector>
      <connectorid>609695d1-a791-4614-a9ed-ab11fab5bcf8</connectorid>
      <description>SAP ODATA Demo using a custom connector.  This connects to the sample ODATA service provided by SAP. This connector is provided as a sample as-is, for illustrative purpose only.</description>
      <displayname>SAP ODATA Connector</displayname>
      <iconbrandcolor>#ffde75</iconbrandcolor>
      <name>sapazfr_sap-20odata-20connector</name>
      <connectortype>1</connectortype>
      <openapidefinition>/Connector/sapazfr_sap-20odata-20connector_openapidefinition.json</openapidefinition>
      <connectionparameters>/Connector/sapazfr_sap-20odata-20connector_connectionparameters.json</connectionparameters>
      <policytemplateinstances>/Connector/sapazfr_sap-20odata-20connector_policytemplateinstances.json</policytemplateinstances>
      <iconblob>/Connector/sapazfr_sap-20odata-20connector_iconblob.Png</iconblob>
    </Connector>
  </Connectors>
  <connectionreferences>
    <connectionreference connectionreferencelogicalname="new_sharedsap20odata20connector5fc7cc3d5d9ac403c55fd67991090fccf8a3_bacfe">
      <connectionreferencedisplayname>SAP ODATA Connector Default-bacfe</connectionreferencedisplayname>
      <connectorid>/providers/Microsoft.PowerApps/apis/shared_sap-20odata-20connector-5fc7cc3d5d9ac403c5-5fd67991090fccf8a3</connectorid>
      <customconnectorid>
        <connectorid>609695d1-a791-4614-a9ed-ab11fab5bcf8</connectorid>
      </customconnectorid>
      <iscustomizable>1</iscustomizable>
      <statecode>0</statecode>
      <statuscode>1</statuscode>
    </connectionreference>
    <connectionreference connectionreferencelogicalname="sapazfr_sharedteams_44351">
      <connectionreferencedisplayname>Microsoft Teams SAPDemoFr-44351</connectionreferencedisplayname>
      <connectorid>/providers/Microsoft.PowerApps/apis/shared_teams</connectorid>
      <iscustomizable>1</iscustomizable>
      <statecode>0</statecode>
      <statuscode>1</statuscode>
    </connectionreference>
  </connectionreferences>
  <Languages>
    <Language>1033</Language>
  </Languages>
</ImportExportXml>