<ImportExportXml xmlns:xsi="http://www.w3.org/2001/XMLSchema-instance">
  <Entities>
    <Entity>
      <Name LocalizedName="Account" OriginalName="">Account</Name>
      <EntityInfo>
        <entity Name="Account">
          <attributes>
            <attribute PhysicalName="pbo_SAPCountry">
              <Type>nvarchar</Type>
              <Name>pbo_sapcountry</Name>
              <LogicalName>pbo_sapcountry</LogicalName>
              <RequiredLevel>none</RequiredLevel>
              <DisplayMask>ValidForForm|ValidForGrid</DisplayMask>
              <ImeMode>auto</ImeMode>
              <ValidForUpdateApi>1</ValidForUpdateApi>
              <ValidForReadApi>1</ValidForReadApi>
              <ValidForCreateApi>1</ValidForCreateApi>
              <IsCustomField>1</IsCustomField>
              <IsAuditEnabled>1</IsAuditEnabled>
              <IsSecured>0</IsSecured>
              <IntroducedVersion>1.0.0.1</IntroducedVersion>
              <IsCustomizable>1</IsCustomizable>
              <IsRenameable>1</IsRenameable>
              <CanModifySearchSettings>1</CanModifySearchSettings>
              <CanModifyRequirementLevelSettings>1</CanModifyRequirementLevelSettings>
              <CanModifyAdditionalSettings>1</CanModifyAdditionalSettings>
              <SourceType>0</SourceType>
              <IsGlobalFilterEnabled>0</IsGlobalFilterEnabled>
              <IsSortableEnabled>0</IsSortableEnabled>
              <CanModifyGlobalFilterSettings>1</CanModifyGlobalFilterSettings>
              <CanModifyIsSortableSettings>1</CanModifyIsSortableSettings>
              <IsDataSourceSecret>0</IsDataSourceSecret>
              <AutoNumberFormat></AutoNumberFormat>
              <IsSearchable>0</IsSearchable>
              <IsFilterable>0</IsFilterable>
              <IsRetrievable>0</IsRetrievable>
              <IsLocalizable>0</IsLocalizable>
              <Format>text</Format>
              <MaxLength>100</MaxLength>
              <Length>200</Length>
              <displaynames>
                <displayname description="SAP Country" languagecode="1033" />
              </displaynames>
              <Descriptions>
                <Description description="" languagecode="1033" />
              </Descriptions>
            </attribute>
          </attributes>
        </entity>
      </EntityInfo>
      <FormXml>
        <forms type="main">
          <systemform>
            <formid>{8448b78f-8f42-454e-8e2a-f8196b0419af}</formid>
            <IntroducedVersion>5.0.0.0</IntroducedVersion>
            <FormPresentation>1</FormPresentation>
            <FormActivationState>1</FormActivationState>
            <form showImage="true" headerdensity="HighWithControls" solutionaction="Modified">
              <tabs>
                <tab name="SUMMARY_TAB" id="{3b0b63a9-d379-689a-0ec3-e71eb4c6a841}" IsUserDefined="0" showlabel="true" expanded="true" locklevel="0" ordinalvalue="0">
                  <columns>
                    <column width="33%" id="0">
                      <sections>
                        <section name="ACCOUNT_INFORMATION" showlabel="true" showbar="false" id="{0eb92e6c-bcb8-0d52-a188-d81543ddb7cd}" IsUserDefined="0" layout="varwidth" columns="1" labelwidth="115" celllabelposition="Left" ordinalvalue="0">
                          <rows>
                            <row>
                              <cell id="{b0e82a7e-5683-d90c-308a-0d779377ea8a}" showlabel="true" ordinalvalue="10000">
                                <labels>
                                  <label description="Account Name" languagecode="1033" solutionaction="Added" />
                                </labels>
                              </cell>
                            </row>
                            <row>
                              <cell id="{3441a91e-47c5-672c-7a20-902d6baa9036}" showlabel="true" ordinalvalue="10002" solutionaction="Modified" />
                            </row>
                            <row>
                              <cell id="{8b98a55e-a345-b20e-d46e-801e79d5c1c1}" showlabel="true" ordinalvalue="10003" solutionaction="Modified">
                                <labels>
                                  <label description="Fax" languagecode="1033" solutionaction="Added" />
                                </labels>
                              </cell>
                            </row>
                            <row>
                              <cell id="{e6441984-4343-813a-aa7e-e2747ad35390}" showlabel="true" ordinalvalue="10004" solutionaction="Modified">
                                <labels>
                                  <label description="Website" languagecode="1033" solutionaction="Added" />
                                </labels>
                              </cell>
                            </row>
                            <row>
                              <cell id="{87DE203E-B03C-44CC-8B06-438202B82553}" ordinalvalue="10005" solutionaction="Modified">
                                <labels>
                                  <label description="Parent Account" languagecode="1033" solutionaction="Added" />
                                </labels>
                              </cell>
                            </row>
                            <row>
                              <cell id="{5f38af3a-3307-47dc-b36d-d9a5de525e6e}" showlabel="true" ordinalvalue="10006" solutionaction="Modified">
                                <labels>
                                  <label description="Ticker Symbol" languagecode="1033" solutionaction="Added" />
                                </labels>
                              </cell>
                            </row>
                            <row>
                              <cell id="{7fa94889-4ea5-40a4-a049-9d5684294da5}" locklevel="0" ordinalvalue="10001" solutionaction="Added">
                                <labels>
                                  <label description="SAP Country" languagecode="1033" />
                                </labels>
                                <control id="pbo_sapcountry" classid="{4273EDBD-AC1D-40D3-9FB2-095C621B552D}" datafieldname="pbo_sapcountry" disabled="false" />
                              </cell>
                            </row>
                          </rows>
                        </section>
                        <section name="ADDRESS" showlabel="true" locklevel="0" showbar="false" id="{cc0fe06e-4b5f-4648-A62d-84d1514e1fc5}" IsUserDefined="0" layout="varwidth" columns="1" labelwidth="115" celllabelposition="Left" ordinalvalue="1">
                          <rows>
                            <row>
                              <cell id="{4913500e-605a-809b-e99e-69e2710d09bd}" showlabel="true" locklevel="0" ordinalvalue="10000">
                                <labels>
                                  <label description="Address 1" languagecode="1033" solutionaction="Added" />
                                </labels>
                              </cell>
                            </row>
                          </rows>
                        </section>
                      </sections>
                    </column>
                    <column width="25%" id="2">
                      <sections>
                        <section name="Summary_section_6" showlabel="false" showbar="false" locklevel="0" id="{ea3bb0a6-b9dc-1b0e-5e7d-74a380ee79a3}" IsUserDefined="0" layout="varwidth" columns="1" labelwidth="115" ordinalvalue="1" solutionaction="Modified" />
                        <section name="SUMMARY_TAB_section_6" showlabel="false" showbar="false" locklevel="0" id="{d4c3ee9c-ba71-5cdb-31be-2aa505750472}" IsUserDefined="0" layout="varwidth" columns="1" labelwidth="115" celllabelalignment="Left" celllabelposition="Top" ordinalvalue="2" solutionaction="Modified">
                          <rows>
                            <row>
                              <cell id="{b187688c-8410-5990-16ec-e153968ab583}" showlabel="true" locklevel="0" ordinalvalue="10000">
                                <labels>
                                  <label description="Primary Contact" languagecode="1033" solutionaction="Added" />
                                </labels>
                              </cell>
                            </row>
                            <row>
                              <cell id="{0F664FFF-E39E-4676-9191-CBA16972B21D}" colspan="1" showlabel="false" ordinalvalue="10001">
                                <labels>
                                  <label description="Primary Contact" languagecode="1033" solutionaction="Added" />
                                </labels>
                              </cell>
                            </row>
                            <row>
                              <cell id="{8e24c7e3-6a40-5abb-eadb-254eba5478e2}" showlabel="true" colspan="1" auto="false" rowspan="7" ordinalvalue="10002">
                                <control id="Contacts" classid="{E7A81278-8635-4d9e-8D4D-59480B391C5B}">
                                  <parameters>
                                    <VisualizationId />
                                  </parameters>
                                </control>
                              </cell>
                            </row>
                          </rows>
                        </section>
                        <section name="Section_SAP_Canvas_App" id="5df72f02-830a-4ff5-a85e-a0775ceb506d" IsUserDefined="0" locklevel="0" showlabel="true" showbar="false" layout="varwidth" celllabelalignment="Left" celllabelposition="Left" columns="1" labelwidth="115" ordinalvalue="0" solutionaction="Added">
                          <labels>
                            <label description="SAP App" languagecode="1033" />
                          </labels>
                          <rows>
                            <row>
                              <cell id="{1e8b0170-2054-4de3-8706-274c3034d561}" locklevel="0" showlabel="false" ordinalvalue="10000">
                                <labels>
                                  <label description="SAP Country" languagecode="1033" />
                                </labels>
                                <control id="pbo_sapcountry" classid="{F9A8A302-114E-466A-B582-6771B2AE0D92}" datafieldname="pbo_sapcountry" disabled="false" uniqueid="{01D2CCBF-26B4-48B5-B065-EC426A7A1867}" />
                              </cell>
                            </row>
                          </rows>
                        </section>
                      </sections>
                    </column>
                  </columns>
                </tab>
                <tab name="DETAILS_TAB" id="{11a42c72-9ded-ea04-253d-2143e731b795}" IsUserDefined="0" showlabel="true" expanded="true" ordinalvalue="1">
                  <columns>
                    <column width="34%" id="0">
                      <sections>
                        <section name="COMPANY_PROFILE" showlabel="true" showbar="false" id="{ca8587c5-18c0-cac1-7c34-6c639eade090}" IsUserDefined="0" layout="varwidth" columns="1" labelwidth="115" celllabelposition="Left" ordinalvalue="0">
                          <rows>
                            <row>
                              <cell id="{59782911-4d1a-38dc-ce49-7dae620dbc51}" showlabel="true" ordinalvalue="10000">
                                <labels>
                                  <label description="Industry" languagecode="1033" solutionaction="Added" />
                                </labels>
                              </cell>
                            </row>
                            <row>
                              <cell id="{930beba3-d531-0808-c403-de95e2ac3e62}" showlabel="true" ordinalvalue="10001">
                                <labels>
                                  <label description="SIC Code" languagecode="1033" solutionaction="Added" />
                                </labels>
                              </cell>
                            </row>
                            <row>
                              <cell id="{1c33ad89-92a1-8433-2378-306259eb57c0}" showlabel="true" ordinalvalue="10002">
                                <labels>
                                  <label description="Ownership" languagecode="1033" solutionaction="Added" />
                                </labels>
                              </cell>
                            </row>
                          </rows>
                        </section>
                        <section name="DETAILS_TAB_section_6" showlabel="true" showbar="false" locklevel="0" id="{e201b9ce-c3d5-c922-dba5-528c25066940}" IsUserDefined="0" layout="varwidth" columns="1" labelwidth="115" celllabelalignment="Left" celllabelposition="Top" height="auto" ordinalvalue="1">
                          <rows>
                            <row>
                              <cell id="{a4a726a2-8e3e-79d0-02c3-0a04a6b71089}" showlabel="false" locklevel="0" rowspan="3" auto="true" ordinalvalue="10000">
                                <labels>
                                  <label description="Description" languagecode="1033" solutionaction="Added" />
                                </labels>
                              </cell>
                            </row>
                          </rows>
                        </section>
                      </sections>
                    </column>
                    <column width="33%" id="2">
                      <sections>
                        <section name="BILLING" showlabel="true" showbar="false" id="{910de80a-a17e-092a-255d-44d775cb4207}" IsUserDefined="0" layout="varwidth" columns="1" labelwidth="115" celllabelposition="Left" locklevel="0" celllabelalignment="Left" ordinalvalue="0">
                          <rows>
                            <row>
                              <cell id="{7cd2b88c-b25c-4729-9c27-f59ebb5a1538}" ordinalvalue="10000">
                                <labels>
                                  <label description="Currency" languagecode="1033" solutionaction="Added" />
                                </labels>
                              </cell>
                            </row>
                            <row>
                              <cell id="{0125719c-a5b0-4230-9817-3fba5d6ebfaf}" ordinalvalue="10001">
                                <labels>
                                  <label description="Credit Limit" languagecode="1033" solutionaction="Added" />
                                </labels>
                              </cell>
                            </row>
                            <row>
                              <cell id="{abc2c862-bcd4-4a4b-ac51-c311d4e66d5b}" ordinalvalue="10002">
                                <labels>
                                  <label description="Credit Hold" languagecode="1033" solutionaction="Added" />
                                </labels>
                              </cell>
                            </row>
                            <row>
                              <cell id="{0bab9157-d14e-441f-969d-80460634c15e}" ordinalvalue="10003">
                                <labels>
                                  <label description="Payment Terms" languagecode="1033" solutionaction="Added" />
                                </labels>
                              </cell>
                            </row>
                          </rows>
                        </section>
                      </sections>
                    </column>
                  </columns>
                </tab>
              </tabs>
              <header id="{d5a03552-1183-4347-a237-1f894ba449eb}" columns="111" celllabelposition="Top" labelwidth="115">
                <rows>
                  <row>
                    <cell id="{d3e19d4e-b2ae-409f-9b4e-5976527c6c83}" ordinalvalue="10000">
                      <labels>
                        <label description="Annual Revenue" languagecode="1033" solutionaction="Added" />
                      </labels>
                    </cell>
                    <cell id="{2adb5a52-604d-5aad-ba6a-2bbab6c33594}" showlabel="true" ordinalvalue="20001">
                      <labels>
                        <label description="Number of Employees" languagecode="1033" solutionaction="Added" />
                      </labels>
                    </cell>
                    <cell id="{54b2d0a2-eb77-b3cd-b60a-03ea6944e98e}" showlabel="true" locklevel="1" ordinalvalue="30002">
                      <labels>
                        <label description="Owner" languagecode="1033" solutionaction="Added" />
                      </labels>
                    </cell>
                  </row>
                </rows>
              </header>
              <Navigation>
                <NavBarAreas solutionaction="Added">
                  <NavBarArea Id="Info">
                    <Titles>
                      <Title LCID="1033" Text="Common" />
                    </Titles>
                  </NavBarArea>
                  <NavBarArea Id="Sales">
                    <Titles>
                      <Title LCID="1033" Text="Sales" />
                    </Titles>
                  </NavBarArea>
                  <NavBarArea Id="Service">
                    <Titles>
                      <Title LCID="1033" Text="Service" />
                    </Titles>
                  </NavBarArea>
                  <NavBarArea Id="Marketing">
                    <Titles>
                      <Title LCID="1033" Text="Marketing" />
                    </Titles>
                  </NavBarArea>
                  <NavBarArea Id="ProcessCenter">
                    <Titles>
                      <Title LCID="1033" Text="Process Sessions" />
                    </Titles>
                  </NavBarArea>
                </NavBarAreas>
              </Navigation>
              <controlDescriptions>
                <controlDescription forControl="{01D2CCBF-26B4-48B5-B065-EC426A7A1867}" solutionaction="Added">
                  <customControl id="{4273EDBD-AC1D-40D3-9FB2-095C621B552D}">
                    <parameters>
                      <datafieldname>pbo_sapcountry</datafieldname>
                    </parameters>
                  </customControl>
                  <customControl formFactor="0" name="MscrmControls.Canvas.CanvasControl">
                    <parameters>
                      <record>pbo_sapcountry</record>
                      <schema static="true" type="SingleLine.Text">{}</schema>
                      <entityName static="true" type="SingleLine.Text">Account</entityName>
                      <appName static="true" type="SingleLine.Text">pbo_sapbankmanagementpbo_0cc59</appName>
                      <appId static="true" type="SingleLine.Text">7d145232-6c6c-455a-91dc-e337d0a2f347</appId>
                    </parameters>
                  </customControl>
                  <customControl formFactor="1" name="MscrmControls.Canvas.CanvasControl">
                    <parameters>
                      <record>pbo_sapcountry</record>
                      <schema static="true" type="SingleLine.Text">{}</schema>
                      <entityName static="true" type="SingleLine.Text">Account</entityName>
                      <appName static="true" type="SingleLine.Text">pbo_sapbankmanagementpbo_0cc59</appName>
                      <appId static="true" type="SingleLine.Text">7d145232-6c6c-455a-91dc-e337d0a2f347</appId>
                    </parameters>
                  </customControl>
                  <customControl formFactor="2" name="MscrmControls.Canvas.CanvasControl">
                    <parameters>
                      <record>pbo_sapcountry</record>
                      <schema static="true" type="SingleLine.Text">{}</schema>
                      <entityName static="true" type="SingleLine.Text">Account</entityName>
                      <appName static="true" type="SingleLine.Text">pbo_sapbankmanagementpbo_0cc59</appName>
                      <appId static="true" type="SingleLine.Text">7d145232-6c6c-455a-91dc-e337d0a2f347</appId>
                    </parameters>
                  </customControl>
                </controlDescription>
              </controlDescriptions>
              <footer id="{039d2693-aeca-4095-a6ca-dc6ed49f6cb1}" celllabelposition="Top" columns="111" labelwidth="115" celllabelalignment="Left" solutionaction="Added">
                <rows></rows>
              </footer>
            </form>
            <LocalizedNames>
              <LocalizedName description="Account" languagecode="1033" />
            </LocalizedNames>
            <Descriptions>
              <Description description="Updated default Account form." languagecode="1033" />
            </Descriptions>
          </systemform>
        </forms>
      </FormXml>
      <RibbonDiffXml>
        <CustomActions />
        <Templates>
          <RibbonTemplates Id="Mscrm.Templates"></RibbonTemplates>
        </Templates>
        <CommandDefinitions />
        <RuleDefinitions>
          <TabDisplayRules />
          <DisplayRules />
          <EnableRules />
        </RuleDefinitions>
        <LocLabels />
      </RibbonDiffXml>
    </Entity>
  </Entities>
  <Roles></Roles>
  <Workflows>
    <Workflow WorkflowId="{8a14c4cb-4f41-eb11-a813-000d3a210a15}" Name="FL_BANK_CREATION">
      <JsonFileName>/Workflows/FL_BANK_CREATION-8A14C4CB-4F41-EB11-A813-000D3A210A15.json</JsonFileName>
      <Type>1</Type>
      <Subprocess>0</Subprocess>
      <Category>5</Category>
      <Mode>0</Mode>
      <Scope>4</Scope>
      <OnDemand>0</OnDemand>
      <TriggerOnCreate>0</TriggerOnCreate>
      <TriggerOnDelete>0</TriggerOnDelete>
      <AsyncAutodelete>0</AsyncAutodelete>
      <SyncWorkflowLogOnFailure>0</SyncWorkflowLogOnFailure>
      <StateCode>1</StateCode>
      <StatusCode>2</StatusCode>
      <RunAs>1</RunAs>
      <IsTransacted>1</IsTransacted>
      <IntroducedVersion>1.0.0.1</IntroducedVersion>
      <IsCustomizable>1</IsCustomizable>
      <BusinessProcessType>0</BusinessProcessType>
      <IsCustomProcessingStepAllowedForOtherPublishers>1</IsCustomProcessingStepAllowedForOtherPublishers>
      <PrimaryEntity>none</PrimaryEntity>
      <LocalizedNames>
        <LocalizedName languagecode="1033" description="FL_BANK_CREATION" />
      </LocalizedNames>
    </Workflow>
    <Workflow WorkflowId="{4490f71c-5041-eb11-a813-000d3a210a15}" Name="FL_GET_BANK_LIST">
      <JsonFileName>/Workflows/FL_GET_BANK_LIST-4490F71C-5041-EB11-A813-000D3A210A15.json</JsonFileName>
      <Type>1</Type>
      <Subprocess>0</Subprocess>
      <Category>5</Category>
      <Mode>0</Mode>
      <Scope>4</Scope>
      <OnDemand>0</OnDemand>
      <TriggerOnCreate>0</TriggerOnCreate>
      <TriggerOnDelete>0</TriggerOnDelete>
      <AsyncAutodelete>0</AsyncAutodelete>
      <SyncWorkflowLogOnFailure>0</SyncWorkflowLogOnFailure>
      <StateCode>1</StateCode>
      <StatusCode>2</StatusCode>
      <RunAs>1</RunAs>
      <IsTransacted>1</IsTransacted>
      <IntroducedVersion>1.0.0.1</IntroducedVersion>
      <IsCustomizable>1</IsCustomizable>
      <BusinessProcessType>0</BusinessProcessType>
      <IsCustomProcessingStepAllowedForOtherPublishers>1</IsCustomProcessingStepAllowedForOtherPublishers>
      <PrimaryEntity>none</PrimaryEntity>
      <LocalizedNames>
        <LocalizedName languagecode="1033" description="FL_GET_BANK_LIST" />
      </LocalizedNames>
    </Workflow>
    <Workflow WorkflowId="{1c84ad41-5041-eb11-a813-000d3a210a15}" Name="FL_BANK_GETDETAIL_TABLE">
      <JsonFileName>/Workflows/FL_BANK_GETDETAIL_TABLE-1C84AD41-5041-EB11-A813-000D3A210A15.json</JsonFileName>
      <Type>1</Type>
      <Subprocess>0</Subprocess>
      <Category>5</Category>
      <Mode>0</Mode>
      <Scope>4</Scope>
      <OnDemand>0</OnDemand>
      <TriggerOnCreate>0</TriggerOnCreate>
      <TriggerOnDelete>0</TriggerOnDelete>
      <AsyncAutodelete>0</AsyncAutodelete>
      <SyncWorkflowLogOnFailure>0</SyncWorkflowLogOnFailure>
      <StateCode>1</StateCode>
      <StatusCode>2</StatusCode>
      <RunAs>1</RunAs>
      <IsTransacted>1</IsTransacted>
      <IntroducedVersion>1.0.0.1</IntroducedVersion>
      <IsCustomizable>1</IsCustomizable>
      <BusinessProcessType>0</BusinessProcessType>
      <IsCustomProcessingStepAllowedForOtherPublishers>1</IsCustomProcessingStepAllowedForOtherPublishers>
      <PrimaryEntity>none</PrimaryEntity>
      <LocalizedNames>
        <LocalizedName languagecode="1033" description="FL_BANK_GETDETAIL_TABLE" />
      </LocalizedNames>
    </Workflow>
    <Workflow WorkflowId="{1437eb27-a34d-ec11-8c62-6045bd8c1be2}" Name="FL_SALES_ORDER_DETAIL" Description="Call this flow from Power Virtual Agents.">
      <JsonFileName>/Workflows/FL_SALES_ORDER_DETAIL-1437EB27-A34D-EC11-8C62-6045BD8C1BE2.json</JsonFileName>
      <Type>1</Type>
      <Subprocess>0</Subprocess>
      <Category>5</Category>
      <Mode>0</Mode>
      <Scope>4</Scope>
      <OnDemand>0</OnDemand>
      <TriggerOnCreate>0</TriggerOnCreate>
      <TriggerOnDelete>0</TriggerOnDelete>
      <AsyncAutodelete>0</AsyncAutodelete>
      <SyncWorkflowLogOnFailure>0</SyncWorkflowLogOnFailure>
      <StateCode>1</StateCode>
      <StatusCode>2</StatusCode>
      <RunAs>1</RunAs>
      <IsTransacted>1</IsTransacted>
      <IntroducedVersion>1.0.0.3</IntroducedVersion>
      <IsCustomizable>1</IsCustomizable>
      <BusinessProcessType>0</BusinessProcessType>
      <IsCustomProcessingStepAllowedForOtherPublishers>1</IsCustomProcessingStepAllowedForOtherPublishers>
      <PrimaryEntity>none</PrimaryEntity>
      <LocalizedNames>
        <LocalizedName languagecode="1033" description="FL_SALES_ORDER_DETAIL" />
      </LocalizedNames>
      <Descriptions>
        <Description languagecode="1033" description="Call this flow from Power Virtual Agents." />
      </Descriptions>
    </Workflow>
    <Workflow WorkflowId="{68636a9c-a34b-ec11-8c62-6045bd8c1be2}" Name="PAB - Get_Bank_List">
      <JsonFileName>/Workflows/PAB-Get_Bank_List-68636A9C-A34B-EC11-8C62-6045BD8C1BE2.json</JsonFileName>
      <Type>1</Type>
      <Subprocess>0</Subprocess>
      <Category>5</Category>
      <Mode>0</Mode>
      <Scope>4</Scope>
      <OnDemand>0</OnDemand>
      <TriggerOnCreate>0</TriggerOnCreate>
      <TriggerOnDelete>0</TriggerOnDelete>
      <AsyncAutodelete>0</AsyncAutodelete>
      <SyncWorkflowLogOnFailure>0</SyncWorkflowLogOnFailure>
      <StateCode>1</StateCode>
      <StatusCode>2</StatusCode>
      <RunAs>1</RunAs>
      <IsTransacted>1</IsTransacted>
      <IntroducedVersion>1.0.0.3</IntroducedVersion>
      <IsCustomizable>1</IsCustomizable>
      <BusinessProcessType>0</BusinessProcessType>
      <IsCustomProcessingStepAllowedForOtherPublishers>1</IsCustomProcessingStepAllowedForOtherPublishers>
      <PrimaryEntity>none</PrimaryEntity>
      <LocalizedNames>
        <LocalizedName languagecode="1033" description="PAB - Get_Bank_List" />
      </LocalizedNames>
    </Workflow>
    <Workflow WorkflowId="{acf416c8-994d-ec11-8c62-6045bd8c11fa}" Name="FL_BANK_GETDETAIL" Description="Call this flow from Power Virtual Agents.">
      <JsonFileName>/Workflows/FL_BANK_GETDETAIL-ACF416C8-994D-EC11-8C62-6045BD8C11FA.json</JsonFileName>
      <Type>1</Type>
      <Subprocess>0</Subprocess>
      <Category>5</Category>
      <Mode>0</Mode>
      <Scope>4</Scope>
      <OnDemand>0</OnDemand>
      <TriggerOnCreate>0</TriggerOnCreate>
      <TriggerOnDelete>0</TriggerOnDelete>
      <AsyncAutodelete>0</AsyncAutodelete>
      <SyncWorkflowLogOnFailure>0</SyncWorkflowLogOnFailure>
      <StateCode>1</StateCode>
      <StatusCode>2</StatusCode>
      <RunAs>1</RunAs>
      <IsTransacted>1</IsTransacted>
      <IntroducedVersion>1.0.0.3</IntroducedVersion>
      <IsCustomizable>1</IsCustomizable>
      <BusinessProcessType>0</BusinessProcessType>
      <IsCustomProcessingStepAllowedForOtherPublishers>1</IsCustomProcessingStepAllowedForOtherPublishers>
      <PrimaryEntity>none</PrimaryEntity>
      <LocalizedNames>
        <LocalizedName languagecode="1033" description="FL_BANK_GETDETAIL" />
      </LocalizedNames>
      <Descriptions>
        <Description languagecode="1033" description="Call this flow from Power Virtual Agents." />
      </Descriptions>
    </Workflow>
    <Workflow WorkflowId="{22e5a66c-5041-eb11-a813-000d3a200cf3}" Name="FL_BANK_GETDETAIL">
      <JsonFileName>/Workflows/FL_BANK_GETDETAIL-22E5A66C-5041-EB11-A813-000D3A200CF3.json</JsonFileName>
      <Type>1</Type>
      <Subprocess>0</Subprocess>
      <Category>5</Category>
      <Mode>0</Mode>
      <Scope>4</Scope>
      <OnDemand>0</OnDemand>
      <TriggerOnCreate>0</TriggerOnCreate>
      <TriggerOnDelete>0</TriggerOnDelete>
      <AsyncAutodelete>0</AsyncAutodelete>
      <SyncWorkflowLogOnFailure>0</SyncWorkflowLogOnFailure>
      <StateCode>1</StateCode>
      <StatusCode>2</StatusCode>
      <RunAs>1</RunAs>
      <IsTransacted>1</IsTransacted>
      <IntroducedVersion>1.0.0.1</IntroducedVersion>
      <IsCustomizable>1</IsCustomizable>
      <BusinessProcessType>0</BusinessProcessType>
      <IsCustomProcessingStepAllowedForOtherPublishers>1</IsCustomProcessingStepAllowedForOtherPublishers>
      <PrimaryEntity>none</PrimaryEntity>
      <LocalizedNames>
        <LocalizedName languagecode="1033" description="FL_BANK_GETDETAIL" />
      </LocalizedNames>
    </Workflow>
  </Workflows>
  <FieldSecurityProfiles></FieldSecurityProfiles>
  <Templates />
  <EntityMaps />
  <EntityRelationships />
  <OrganizationSettings />
  <optionsets />
  <Dashboards>
    <Dashboard>
      <LocalizedNames>
        <LocalizedName description="Account Dashboard" languagecode="1033" />
      </LocalizedNames>
      <FormId>{2f8ef2d4-449d-eb11-b1ac-000d3a2c9df7}</FormId>
      <IsCustomizable>1</IsCustomizable>
      <IsDefault>0</IsDefault>
      <FormXml>
        <forms type="dashboard">
          <form>
            <tabs>
              <tab showlabel="false" verticallayout="true" id="{7929453b-4f1f-4366-b87a-be127ae94921}">
                <labels>
                  <label description="Tab" languagecode="1033" />
                </labels>
                <columns>
                  <column width="100%">
                    <sections>
                      <section showlabel="false" showbar="false" columns="1111" id="{34d3baa4-87fa-463d-816a-53188244a59a}">
                        <labels>
                          <label description="Section" languagecode="1033" />
                        </labels>
                        <rows>
                          <row>
                            <cell colspan="2" rowspan="12" showlabel="false" id="{8ac00b37-39b9-4772-941f-e9c1fb853108}" auto="false">
                              <labels>
                                <label description="Account" languagecode="1033" />
                              </labels>
                              <control id="Componentdf5582e" uniqueid="{9e753392-80cc-45d3-1a3c-22ac33cd7901}" classid="{E7A81278-8635-4d9e-8D4D-59480B391C5B}" indicationOfSubgrid="true">
                                <parameters>
                                  <TargetEntityType>account</TargetEntityType>
                                  <ChartGridMode>Chart</ChartGridMode>
                                  <EnableQuickFind>false</EnableQuickFind>
                                  <EnableViewPicker>false</EnableViewPicker>
                                  <EnableJumpBar>false</EnableJumpBar>
                                  <RecordsPerPage>10</RecordsPerPage>
                                  <HeaderColorCode />
                                  <ViewId>{00000000-0000-0000-00AA-000010001001}</ViewId>
                                  <IsUserView>false</IsUserView>
                                  <ViewIds />
                                  <AutoExpand>Fixed</AutoExpand>
                                  <VisualizationId>{74A622C0-5193-DE11-97D4-00155DA3B01E}</VisualizationId>
                                  <IsUserChart>false</IsUserChart>
                                  <EnableChartPicker>false</EnableChartPicker>
                                  <RelationshipName />
                                </parameters>
                              </control>
                            </cell>
                            <cell colspan="2" rowspan="12" showlabel="false" id="{27fb8c0a-9626-46c3-83ac-53576fc3bd80}" auto="false">
                              <labels>
                                <label description="Accounts" languagecode="1033" />
                              </labels>
                              <control id="Component4bb5440" uniqueid="{eb1e66b8-c866-11a9-4e9e-093890dc84a2}" classid="{E7A81278-8635-4d9e-8D4D-59480B391C5B}" indicationOfSubgrid="true">
                                <parameters>
                                  <TargetEntityType>account</TargetEntityType>
                                  <ChartGridMode>Grid</ChartGridMode>
                                  <EnableQuickFind>true</EnableQuickFind>
                                  <EnableViewPicker>true</EnableViewPicker>
                                  <EnableJumpBar>true</EnableJumpBar>
                                  <RecordsPerPage>8</RecordsPerPage>
                                  <HeaderColorCode />
                                  <ViewId>{65FFAF9A-E8C5-432D-860B-32F841B00D87}</ViewId>
                                  <IsUserView>false</IsUserView>
                                  <ViewIds />
                                  <AutoExpand>Fixed</AutoExpand>
                                  <VisualizationId />
                                  <IsUserChart>false</IsUserChart>
                                  <EnableChartPicker>false</EnableChartPicker>
                                  <RelationshipName />
                                </parameters>
                              </control>
                            </cell>
                          </row>
                          <row />
                          <row />
                          <row />
                          <row />
                          <row />
                          <row />
                          <row />
                          <row />
                          <row />
                          <row />
                          <row />
                          <row>
                            <cell colspan="2" rowspan="12" showlabel="false" id="{8be11e40-ecb5-4209-8bbf-b63d70b7176e}" auto="false">
                              <labels>
                                <label description="Account" languagecode="1033" />
                              </labels>
                              <control id="Componente73e169" uniqueid="{02c1914d-d74a-39b2-82dd-58507ac6a955}" classid="{E7A81278-8635-4d9e-8D4D-59480B391C5B}" indicationOfSubgrid="true">
                                <parameters>
                                  <TargetEntityType>account</TargetEntityType>
                                  <ChartGridMode>Chart</ChartGridMode>
                                  <EnableQuickFind>false</EnableQuickFind>
                                  <EnableViewPicker>false</EnableViewPicker>
                                  <EnableJumpBar>false</EnableJumpBar>
                                  <RecordsPerPage>10</RecordsPerPage>
                                  <HeaderColorCode />
                                  <ViewId>{00000000-0000-0000-00AA-000010001002}</ViewId>
                                  <IsUserView>false</IsUserView>
                                  <ViewIds />
                                  <AutoExpand>Fixed</AutoExpand>
                                  <VisualizationId>{A3A9EE47-5093-DE11-97D4-00155DA3B01E}</VisualizationId>
                                  <IsUserChart>false</IsUserChart>
                                  <EnableChartPicker>false</EnableChartPicker>
                                  <RelationshipName />
                                </parameters>
                              </control>
                            </cell>
                            <cell colspan="2" rowspan="12" showlabel="false" id="{4e8b8eeb-1d66-49a8-871a-4e9400f55868}" auto="false">
                              <labels>
                                <label description="Account" languagecode="1033" />
                              </labels>
                              <control id="Componentceb9e80" uniqueid="{904a481a-b13e-4b56-edac-a69360b8c033}" classid="{E7A81278-8635-4d9e-8D4D-59480B391C5B}" indicationOfSubgrid="true">
                                <parameters>
                                  <TargetEntityType>account</TargetEntityType>
                                  <ChartGridMode>Chart</ChartGridMode>
                                  <EnableQuickFind>false</EnableQuickFind>
                                  <EnableViewPicker>false</EnableViewPicker>
                                  <EnableJumpBar>false</EnableJumpBar>
                                  <RecordsPerPage>10</RecordsPerPage>
                                  <HeaderColorCode />
                                  <ViewId>{65FFAF9A-E8C5-432D-860B-32F841B00D87}</ViewId>
                                  <IsUserView>false</IsUserView>
                                  <ViewIds />
                                  <AutoExpand>Fixed</AutoExpand>
                                  <VisualizationId>{5B290FFF-355F-DF11-AE90-00155D2E3002}</VisualizationId>
                                  <IsUserChart>false</IsUserChart>
                                  <EnableChartPicker>false</EnableChartPicker>
                                  <RelationshipName />
                                </parameters>
                              </control>
                            </cell>
                          </row>
                          <row />
                          <row />
                          <row />
                          <row />
                          <row />
                          <row />
                          <row />
                          <row />
                          <row />
                          <row />
                          <row />
                        </rows>
                      </section>
                    </sections>
                  </column>
                </columns>
              </tab>
            </tabs>
          </form>
        </forms>
      </FormXml>
      <IntroducedVersion>1.0.0.2</IntroducedVersion>
      <IsTabletEnabled>0</IsTabletEnabled>
    </Dashboard>
    <Dashboard>
      <LocalizedNames>
        <LocalizedName description="SAP Dashboard" languagecode="1033" />
      </LocalizedNames>
      <FormId>{ed80fbcc-429d-eb11-b1ac-000d3a2c94ec}</FormId>
      <IsCustomizable>1</IsCustomizable>
      <IsDefault>0</IsDefault>
      <FormXml>
        <forms type="powerbi">
          <form>
            <tabs>
              <tab showlabel="false" verticallayout="true" id="{e6d41686-7fad-4828-80ca-dc0d69898393}">
                <labels>
                  <label description="" languagecode="1033" />
                </labels>
                <columns>
                  <column width="100%">
                    <sections>
                      <section showlabel="false" showbar="false" columns="111" id="{f033cec3-7e14-4552-a073-7e4c399d98e0}">
                        <labels>
                          <label description="" languagecode="1033" />
                        </labels>
                        <rows>
                          <row>
                            <cell colspan="3" rowspan="24" showlabel="false" id="{1b9b5241-a155-4894-af19-c68b6fee685e}" availableforphone="false">
                              <labels>
                                <label description="" languagecode="1033" />
                              </labels>
                              <control id="92938240-aa82-4394-b8df-e1609d07ff42" classid="{8C54228C-1B25-4909-A12A-F2B968BB0D62}">
                                <parameters>
                                  <PowerBIGroupId>47c24419-8c10-4f06-adad-49b1c3d9c648</PowerBIGroupId>
                                  <PowerBIReportId>7b3233f6-3c0e-4505-92fd-bfbd235a2105</PowerBIReportId>
                                  <TileUrl>https://app.powerbi.com/reportEmbed?w=2&amp;config=eyJjbHVzdGVyVXJsIjoiaHR0cHM6Ly9XQUJJLVdFU1QtRVVST1BFLXJlZGlyZWN0LmFuYWx5c2lzLndpbmRvd3MubmV0IiwiZW1iZWRGZWF0dXJlcyI6eyJtb2Rlcm5FbWJlZCI6dHJ1ZX19&amp;groupId=47c24419-8c10-4f06-adad-49b1c3d9c648&amp;reportId=7b3233f6-3c0e-4505-92fd-bfbd235a2105</TileUrl>
                                  <Type>2</Type>
                                </parameters>
                              </control>
                            </cell>
                          </row>
                        </rows>
                      </section>
                    </sections>
                  </column>
                </columns>
              </tab>
            </tabs>
          </form>
        </forms>
      </FormXml>
      <IntroducedVersion>1.0.0.2</IntroducedVersion>
      <IsTabletEnabled>0</IsTabletEnabled>
    </Dashboard>
    <Dashboard>
      <LocalizedNames>
        <LocalizedName description="SAP PowerBI Dashboard" languagecode="1033" />
      </LocalizedNames>
      <FormId>{bc7f44d8-bf9d-eb11-b1ac-000d3a2c9df7}</FormId>
      <IsCustomizable>1</IsCustomizable>
      <IsDefault>0</IsDefault>
      <FormXml>
        <forms type="powerbi">
          <form>
            <tabs>
              <tab showlabel="false" verticallayout="true" id="{14cfce50-fe38-4c56-8c13-ee0203953a80}">
                <labels>
                  <label description="" languagecode="1033" />
                </labels>
                <columns>
                  <column width="100%">
                    <sections>
                      <section showlabel="false" showbar="false" columns="111" id="{8486b61c-fb77-4ca6-8a25-9a37d17a02dc}">
                        <labels>
                          <label description="" languagecode="1033" />
                        </labels>
                        <rows>
                          <row>
                            <cell colspan="3" rowspan="24" showlabel="false" id="{6690ea95-ce85-433d-a129-a7f963f171e8}" availableforphone="false">
                              <labels>
                                <label description="" languagecode="1033" />
                              </labels>
                              <control id="53f657ee-0da4-4477-b537-2f941d870626" classid="{8C54228C-1B25-4909-A12A-F2B968BB0D62}">
                                <parameters>
                                  <PowerBIGroupId>47c24419-8c10-4f06-adad-49b1c3d9c648</PowerBIGroupId>
                                  <PowerBIDashboardId>dc9b9565-87a4-4408-bb7b-a3756d3331c2</PowerBIDashboardId>
                                  <TileUrl>https://app.powerbi.com/dashboardEmbed?config=eyJjbHVzdGVyVXJsIjoiaHR0cHM6Ly9XQUJJLVdFU1QtRVVST1BFLXJlZGlyZWN0LmFuYWx5c2lzLndpbmRvd3MubmV0IiwiZW1iZWRGZWF0dXJlcyI6eyJtb2Rlcm5FbWJlZCI6ZmFsc2V9fQ%3D%3D&amp;groupId=47c24419-8c10-4f06-adad-49b1c3d9c648&amp;dashboardId=dc9b9565-87a4-4408-bb7b-a3756d3331c2</TileUrl>
                                  <Type>1</Type>
                                </parameters>
                              </control>
                            </cell>
                          </row>
                        </rows>
                      </section>
                    </sections>
                  </column>
                </columns>
              </tab>
            </tabs>
          </form>
        </forms>
      </FormXml>
      <IntroducedVersion>1.0.0.3</IntroducedVersion>
      <IsTabletEnabled>0</IsTabletEnabled>
    </Dashboard>
  </Dashboards>
  <CustomControls />
  <AppModuleSiteMaps>
    <AppModuleSiteMap>
      <SiteMapUniqueName>pbo_SAPinModelDrivenApp</SiteMapUniqueName>
      <EnableCollapsibleGroups>False</EnableCollapsibleGroups>
      <ShowHome>True</ShowHome>
      <ShowPinned>True</ShowPinned>
      <ShowRecents>True</ShowRecents>
      <SiteMap IntroducedVersion="7.0.0.0">
        <Area Id="Area_Main" ResourceId="SitemapDesigner.NewArea" DescriptionResourceId="SitemapDesigner.NewArea" ShowGroups="true" IntroducedVersion="7.0.0.0">
          <Group Id="Group_Customers" ResourceId="SitemapDesigner.NewGroup" DescriptionResourceId="SitemapDesigner.NewGroup" IntroducedVersion="7.0.0.0" IsProfile="false" ToolTipResourseId="SitemapDesigner.Unknown">
            <Titles>
              <Title LCID="1033" Title="Customers" />
            </Titles>
            <SubArea Id="SubArea_Account" Icon="/_imgs/imagestrips/transparent_spacer.gif" IntroducedVersion="7.0.0.0" Entity="account" Client="All,Outlook,OutlookLaptopClient,OutlookWorkstationClient,Web" AvailableOffline="true" PassParams="false" Sku="All,OnPremise,Live,SPLA" />
            <SubArea Id="SubArea_Contact" Icon="/_imgs/imagestrips/transparent_spacer.gif" Entity="contact" Client="All,Outlook,OutlookLaptopClient,OutlookWorkstationClient,Web" AvailableOffline="true" PassParams="false" Sku="All,OnPremise,Live,SPLA" />
            <SubArea Id="SAPPBIDash_SubArea" ResourceId="Homepage_Dashboards" DescriptionResourceId="Dashboards_Description" Icon="/_imgs/imagestrips/transparent_spacer.gif" Url="/workplace/home_dashboards.aspx" DefaultDashboard="bc7f44d8-bf9d-eb11-b1ac-000d3a2c9df7" Client="All,Outlook,OutlookLaptopClient,OutlookWorkstationClient,Web" AvailableOffline="true" PassParams="false" Sku="All,OnPremise,Live,SPLA">
              <Titles>
                <Title LCID="1033" Title="SAP PowerBi Dash" />
              </Titles>
            </SubArea>
          </Group>
        </Area>
      </SiteMap>
      <LocalizedNames>
        <LocalizedName description="SAP in Model Driven App" languagecode="1033" />
      </LocalizedNames>
    </AppModuleSiteMap>
  </AppModuleSiteMaps>
  <AppModules>
    <AppModule>
      <UniqueName>pbo_SAPinModelDrivenApp</UniqueName>
      <IntroducedVersion>1.0.0.1</IntroducedVersion>
      <WebResourceId>953b9fac-1e5e-e611-80d6-00155ded156f</WebResourceId>
      <OptimizedFor></OptimizedFor>
      <statecode>0</statecode>
      <statuscode>1</statuscode>
      <FormFactor>1</FormFactor>
      <ClientType>4</ClientType>
      <NavigationType>0</NavigationType>
      <AppModuleComponents>
        <AppModuleComponent type="62" schemaName="pbo_SAPinModelDrivenApp" />
        <AppModuleComponent type="1" schemaName="account" />
        <AppModuleComponent type="60" id="{8448b78f-8f42-454e-8e2a-f8196b0419af}" />
        <AppModuleComponent type="60" id="{b028db32-3619-48a5-ac51-cf3f947b0ef3}" />
        <AppModuleComponent type="60" id="{c9e7ec2d-efca-4e4c-b3e3-f63c4bba5e4b}" />
        <AppModuleComponent type="60" id="{098ae145-1567-41ec-8398-86dbaac70c9b}" />
        <AppModuleComponent type="60" id="{2205c86d-ed88-4a2f-a447-3b86a8781f2e}" />
        <AppModuleComponent type="1" schemaName="activitypointer" />
        <AppModuleComponent type="1" schemaName="contact" />
        <AppModuleComponent type="60" id="{29de27bc-a257-4f29-99cf-bab4a84e688f}" />
        <AppModuleComponent type="60" id="{1fed44d1-ae68-4a41-bd2b-f13acac4acfa}" />
        <AppModuleComponent type="60" id="{707fc57b-c5e6-471b-a180-e37ed28a38e2}" />
        <AppModuleComponent type="60" id="{661157fe-2fc9-4eaa-835f-5bfa2f7b64f7}" />
        <AppModuleComponent type="60" id="{bdb0ae1c-32fa-4374-b637-8dafe107bc44}" />
        <AppModuleComponent type="60" id="{d880c3cf-80e2-42f3-82f9-24d040d09f17}" />
        <AppModuleComponent type="60" id="{449faa0e-f471-48ec-87d0-4719909546d2}" />
        <AppModuleComponent type="60" id="{f3b707fb-3b5f-45f9-9c6b-5e573bb5d19e}" />
        <AppModuleComponent type="60" id="{7bb87dfd-ec3e-4ed9-8e3e-5725d3067295}" />
      </AppModuleComponents>
      <AppModuleRoleMaps>
        <Role id="{627090ff-40a3-4053-8790-584edc5be201}" />
        <Role id="{119f245c-3cc8-4b62-b31c-d1a046ced15d}" />
      </AppModuleRoleMaps>
      <LocalizedNames>
        <LocalizedName description="SAP in Model Driven App" languagecode="1033" />
      </LocalizedNames>
    </AppModule>
  </AppModules>
  <EntityDataProviders />
  <CanvasApps>
    <CanvasApp>
      <Name>pbo_accountlistpowerbi_11d0e</Name>
      <AppVersion>2021-04-14T17:34:26Z</AppVersion>
      <Status>Ready</Status>
      <CreatedByClientVersion>3.21035.34.0</CreatedByClientVersion>
      <MinClientVersion>3.21035.34.0</MinClientVersion>
      <Tags>{"primaryDeviceWidth":"640","primaryDeviceHeight":"1136","sienaVersion":"614e3676-b2d3-4ad7-aede-c6cd22861d8f","deviceCapabilities":"","supportsPortrait":"true","supportsLandscape":"false","primaryFormFactor":"Phone","publisherVersion":"3.21035.34","minimumRequiredApiVersion":"2.2.0","hasComponent":"false","hasUnlockedComponent":"false","isUnifiedRootApp":"false"}</Tags>
      <IsCdsUpgraded>0</IsCdsUpgraded>
      <GalleryItemId xsi:nil="true"></GalleryItemId>
      <BackgroundColor>rgba(253, 193, 2, 1)</BackgroundColor>
      <DisplayName>Account List Power BI</DisplayName>
      <Description xsi:nil="true"></Description>
      <CommitMessage xsi:nil="true"></CommitMessage>
      <Publisher xsi:nil="true"></Publisher>
      <AuthorizationReferences>[]</AuthorizationReferences>
      <ConnectionReferences>{}</ConnectionReferences>
      <DatabaseReferences>{"default.cds":{"databaseDetails":{"referenceType":"Environmental","environmentName":"default.cds"},"dataSources":{"Accounts":{"entitySetName":"accounts","logicalName":"account"}}}}</DatabaseReferences>
      <AppComponents>[]</AppComponents>
      <AppComponentDependencies>[]</AppComponentDependencies>
      <CanConsumeAppPass>1</CanConsumeAppPass>
      <CanvasAppType>0</CanvasAppType>
      <BypassConsent>0</BypassConsent>
      <AdminControlBypassConsent>0</AdminControlBypassConsent>
      <EmbeddedApp xsi:nil="true"></EmbeddedApp>
      <IntroducedVersion>1.0</IntroducedVersion>
      <CdsDependencies>{"cdsdependencies":[{"logicalname":"account","componenttype":1}]}</CdsDependencies>
      <IsCustomizable>1</IsCustomizable>
      <BackgroundImageUri>/CanvasApps/pbo_accountlistpowerbi_11d0e_BackgroundImageUri</BackgroundImageUri>
      <DocumentUri>/CanvasApps/pbo_accountlistpowerbi_11d0e_DocumentUri.msapp</DocumentUri>
    </CanvasApp>
    <CanvasApp>
      <Name>pbo_sapbankmanagement_8f920</Name>
      <AppVersion>2021-11-25T10:36:32Z</AppVersion>
      <Status>Ready</Status>
      <CreatedByClientVersion>3.21112.22.0</CreatedByClientVersion>
      <MinClientVersion>3.21112.22.0</MinClientVersion>
      <Tags>{"primaryDeviceWidth":"640","primaryDeviceHeight":"1136","sienaVersion":"b97af780-e74e-49cd-8988-f21e058c0b19","deviceCapabilities":"","supportsPortrait":"true","supportsLandscape":"false","primaryFormFactor":"Phone","publisherVersion":"3.21112.22","minimumRequiredApiVersion":"2.2.0","hasComponent":"false","hasUnlockedComponent":"false","isUnifiedRootApp":"false"}</Tags>
      <IsCdsUpgraded>0</IsCdsUpgraded>
      <GalleryItemId xsi:nil="true"></GalleryItemId>
      <BackgroundColor>rgba(81, 92, 107, 1)</BackgroundColor>
      <DisplayName>SAP_BANK_MANAGEMENT</DisplayName>
      <Description>SAP BANK MANAGEMENT</Description>
      <CommitMessage xsi:nil="true"></CommitMessage>
      <Publisher></Publisher>
      <AuthorizationReferences>[]</AuthorizationReferences>
      <ConnectionReferences>{"21173fd4-4e59-4300-bbc3-6dc7030299dc":{"id":"/providers/microsoft.powerapps/apis/shared_azureblob","displayName":"Azure Blob Storage","iconUri":"https://connectoricons-prod.azureedge.net/releases/v1.0.1531/1.0.1531.2596/azureblob/icon.png","dataSources":["AzureBlobStorage"],"dependencies":[],"dependents":[],"parameterHints":{},"parameterHintsV2":{},"isOnPremiseConnection":false,"sharedConnectionId":"5c6cacb1-69fe-44a9-8f0b-108db6b91d30","bypassConsent":false,"dataSets":{},"apiTier":"Premium","actions":["CreateFile"],"endpoints":["powerappsdev"],"isCustomApiSolutionAware":false},"6d26009f-32b1-4db2-be27-3333821e8985":{"id":"/providers/microsoft.powerapps/apis/shared_cognitiveservicescomputervision","displayName":"Computer Vision API","iconUri":"https://connectoricons-prod.azureedge.net/releases/v1.0.1521/1.0.1521.2572/cognitiveservicescomputervision/icon.png","dataSources":["ComputerVisionAPI"],"dependencies":[],"dependents":[],"parameterHints":{},"parameterHintsV2":{},"isOnPremiseConnection":false,"sharedConnectionId":"ea07f8c0-26b7-4efb-a17b-6c9db1f05565","bypassConsent":false,"dataSets":{},"apiTier":"Standard","actions":["DescribeImageContentV2"],"isCustomApiSolutionAware":false},"d287dd74-d91a-452f-b580-647b26dd0ab8":{"id":"/providers/microsoft.powerapps/apis/shared_logicflows","displayName":"Logic flows","iconUri":"https://connectoricons-prod.azureedge.net/releases/v1.0.1534/1.0.1534.2605/logicflows/icon.png","dataSources":["FL_BANK_CREATION"],"dependencies":["3512d95f-c73a-4633-8826-bb4689f91caa"],"dependents":[],"parameterHints":{"workflowName":{"value":"0d698a58-9935-43f1-b557-493f2a31e56c"},"3512d95f-c73a-4633-8826-bb4689f91caa":{"value":"shared_saperp"}},"parameterHintsV2":{"shared_saperp":{"value":"3512d95f-c73a-4633-8826-bb4689f91caa"}},"isOnPremiseConnection":false,"bypassConsent":false,"dataSets":{},"apiTier":"Standard","actions":["Run"],"isCustomApiSolutionAware":false},"3512d95f-c73a-4633-8826-bb4689f91caa":{"id":"/providers/microsoft.powerapps/apis/shared_saperp","displayName":"SAP ERP","iconUri":"https://connectoricons-prod.azureedge.net/releases/v1.0.1533/1.0.1533.2600/saperp/icon.png","dataSources":[],"dependencies":[],"dependents":["d287dd74-d91a-452f-b580-647b26dd0ab8","bc99fb12-5b85-4988-85a7-680960956cde","db176dea-be8d-4cb3-bc90-c6b52844ee2e","7fb1dea7-573c-4fcd-bc16-723bfd4804f1"],"parameterHints":{},"parameterHintsV2":{},"gatewayObjectIdHint":"df4fc7b8-88fa-4e1e-afb7-735466a52720","isOnPremiseConnection":true,"bypassConsent":false,"dataSets":{},"apiTier":"Premium","isCustomApiSolutionAware":false,"authenticationType":"Basic"},"bc99fb12-5b85-4988-85a7-680960956cde":{"id":"/providers/microsoft.powerapps/apis/shared_logicflows","displayName":"Logic flows","iconUri":"https://connectoricons-prod.azureedge.net/releases/v1.0.1534/1.0.1534.2605/logicflows/icon.png","dataSources":["FL_BANK_GETDETAIL_TABLE","FL_BANK_GETDETAIL_TABLE_1","FL_BANK_GETDETAIL_TABLE_2"],"dependencies":["3512d95f-c73a-4633-8826-bb4689f91caa"],"dependents":[],"parameterHints":{"workflowName":{"value":"2042f010-851a-4e8e-bec9-f6f08325f4ee"},"3512d95f-c73a-4633-8826-bb4689f91caa":{"value":"shared_saperp"}},"parameterHintsV2":{"shared_saperp":{"value":"3512d95f-c73a-4633-8826-bb4689f91caa"}},"isOnPremiseConnection":false,"bypassConsent":false,"dataSets":{},"apiTier":"Standard","actions":["Run"],"isCustomApiSolutionAware":false},"db176dea-be8d-4cb3-bc90-c6b52844ee2e":{"id":"/providers/microsoft.powerapps/apis/shared_logicflows","displayName":"Logic flows","iconUri":"https://connectoricons-prod.azureedge.net/releases/v1.0.1534/1.0.1534.2605/logicflows/icon.png","dataSources":["FL_BANK_GETDETAIL"],"dependencies":["3512d95f-c73a-4633-8826-bb4689f91caa"],"dependents":[],"parameterHints":{"workflowName":{"value":"8de1a762-eead-47c6-a18c-d906a5959638"},"3512d95f-c73a-4633-8826-bb4689f91caa":{"value":"shared_saperp"}},"parameterHintsV2":{"shared_saperp":{"value":"3512d95f-c73a-4633-8826-bb4689f91caa"}},"isOnPremiseConnection":false,"bypassConsent":false,"dataSets":{},"apiTier":"Standard","actions":["Run"],"isCustomApiSolutionAware":false},"7fb1dea7-573c-4fcd-bc16-723bfd4804f1":{"id":"/providers/microsoft.powerapps/apis/shared_logicflows","displayName":"Logic flows","iconUri":"https://connectoricons-prod.azureedge.net/releases/v1.0.1534/1.0.1534.2605/logicflows/icon.png","dataSources":["FL_GET_BANK_LIST"],"dependencies":["3512d95f-c73a-4633-8826-bb4689f91caa"],"dependents":[],"parameterHints":{"workflowName":{"value":"3fcc8e7b-5ec7-48ff-aeaa-431d951ad60d"},"workflowEntityId":{"value":"4490f71c-5041-eb11-a813-000d3a210a15"},"3512d95f-c73a-4633-8826-bb4689f91caa":{"value":"shared_saperp"}},"parameterHintsV2":{"workflowName":{"value":"3fcc8e7b-5ec7-48ff-aeaa-431d951ad60d"},"workflowEntityId":{"value":"4490f71c-5041-eb11-a813-000d3a210a15"},"shared_saperp":{"value":"3512d95f-c73a-4633-8826-bb4689f91caa"}},"isOnPremiseConnection":false,"bypassConsent":false,"dataSets":{},"apiTier":"Standard","actions":["Run"],"isCustomApiSolutionAware":false},"6713d8b2-a5d5-43ae-86a3-d47ee9f4bc98":{"id":"/providers/microsoft.powerapps/apis/shared_pbo-5fcountrycode-5f189f7549056adc5b","displayName":"CountryCode","iconUri":"https://prodapiicons.cdn.powerappscdn.net/20210112t000000z82117549ce094e47bdcba0e68e5d74c6/customconnectoricon.jpg","dataSources":["Defaulttitle"],"dependencies":[],"dependents":[],"parameterHints":{},"parameterHintsV2":{},"isOnPremiseConnection":false,"bypassConsent":false,"dataSets":{},"apiTier":"Standard","actions":["All"],"customApiLogicalName":"pbo_5Fcountrycode","isCustomApiSolutionAware":true}}</ConnectionReferences>
      <DatabaseReferences>{}</DatabaseReferences>
      <AppComponents>[]</AppComponents>
      <AppComponentDependencies>[]</AppComponentDependencies>
      <CanvasAppType>0</CanvasAppType>
      <BypassConsent>0</BypassConsent>
      <AdminControlBypassConsent>0</AdminControlBypassConsent>
      <EmbeddedApp xsi:nil="true"></EmbeddedApp>
      <IntroducedVersion>1.0</IntroducedVersion>
      <CdsDependencies>{"cdsdependencies":[{"logicalname":"pbo_5Fcountrycode","componenttype":372,"componenttypeplatformname":"connector"}]}</CdsDependencies>
      <IsCustomizable>1</IsCustomizable>
      <BackgroundImageUri>/CanvasApps/pbo_sapbankmanagement_8f920_BackgroundImageUri</BackgroundImageUri>
      <DocumentUri>/CanvasApps/pbo_sapbankmanagement_8f920_DocumentUri.msapp</DocumentUri>
    </CanvasApp>
    <CanvasApp>
      <Name>pbo_sapbankmanagementpbo_0cc59</Name>
      <AppVersion>2021-11-25T08:27:42Z</AppVersion>
      <Status>Ready</Status>
      <CreatedByClientVersion>3.21112.22.0</CreatedByClientVersion>
      <MinClientVersion>3.21112.22.0</MinClientVersion>
      <Tags>{"primaryDeviceWidth":"444","primaryDeviceHeight":"790","sienaVersion":"ceaae8bd-66d1-44a0-b2e4-0b1f13e90c7c","deviceCapabilities":"","supportsPortrait":"true","supportsLandscape":"false","primaryFormFactor":"Web","publisherVersion":"3.21112.22","minimumRequiredApiVersion":"2.2.0","hasComponent":"false","hasUnlockedComponent":"false","isUnifiedRootApp":"false"}</Tags>
      <IsCdsUpgraded>0</IsCdsUpgraded>
      <GalleryItemId xsi:nil="true"></GalleryItemId>
      <BackgroundColor>rgba(0, 176, 240, 1)</BackgroundColor>
      <DisplayName>SAP_BANK_MANAGEMENT_MD</DisplayName>
      <Description xsi:nil="true"></Description>
      <CommitMessage xsi:nil="true"></CommitMessage>
      <Publisher xsi:nil="true"></Publisher>
      <AuthorizationReferences>[]</AuthorizationReferences>
      <ConnectionReferences>{"3893eec2-d312-4bf9-8338-02ee6b35e868":{"id":"/providers/microsoft.powerapps/apis/shared_azureblob","displayName":"Azure Blob Storage","iconUri":"https://connectoricons-prod.azureedge.net/releases/v1.0.1531/1.0.1531.2596/azureblob/icon.png","dataSources":["AzureBlobStorage"],"dependencies":[],"dependents":[],"parameterHints":{},"parameterHintsV2":{},"isOnPremiseConnection":false,"sharedConnectionId":"1da08f4b-26ef-4991-b22b-4cd1f8f879e3","bypassConsent":false,"dataSets":{},"apiTier":"Premium","endpoints":["powerappsdev"]},"b35fd2a8-8fb9-4be3-9b9d-b5a00e3879b8":{"id":"/providers/microsoft.powerapps/apis/shared_logicflows","displayName":"Logic flows","iconUri":"https://connectoricons-prod.azureedge.net/releases/v1.0.1534/1.0.1534.2605/logicflows/icon.png","dataSources":["FL_GET_BANK_LIST"],"dependencies":["7694f4fe-fa50-4fee-82b4-981a8eba0b56"],"dependents":[],"parameterHints":{"workflowName":{"value":"0fb4e07a-6a8d-420a-be67-35b9ddec6872"},"workflowEntityId":{"value":"4490f71c-5041-eb11-a813-000d3a210a15"},"7694f4fe-fa50-4fee-82b4-981a8eba0b56":{"value":"shared_saperp"}},"parameterHintsV2":{"workflowName":{"value":"0fb4e07a-6a8d-420a-be67-35b9ddec6872"},"workflowEntityId":{"value":"4490f71c-5041-eb11-a813-000d3a210a15"},"shared_saperp":{"value":"7694f4fe-fa50-4fee-82b4-981a8eba0b56"}},"isOnPremiseConnection":false,"bypassConsent":false,"dataSets":{},"apiTier":"Standard","actions":["Run"]},"7694f4fe-fa50-4fee-82b4-981a8eba0b56":{"id":"/providers/microsoft.powerapps/apis/shared_saperp","displayName":"SAP ERP","iconUri":"https://connectoricons-prod.azureedge.net/releases/v1.0.1533/1.0.1533.2600/saperp/icon.png","dataSources":[],"dependencies":[],"dependents":["b35fd2a8-8fb9-4be3-9b9d-b5a00e3879b8"],"parameterHints":{},"parameterHintsV2":{},"gatewayObjectIdHint":"df4fc7b8-88fa-4e1e-afb7-735466a52720","isOnPremiseConnection":true,"bypassConsent":false,"dataSets":{},"apiTier":"Premium","authenticationType":"Basic"}}</ConnectionReferences>
      <DatabaseReferences>{"default.cds":{"databaseDetails":{"referenceType":"Environmental","environmentName":"default.cds","overrideValues":{"status":"NotSpecified"}},"dataSources":{"Accounts":{"entitySetName":"accounts","logicalName":"account"}}}}</DatabaseReferences>
      <AppComponents>[]</AppComponents>
      <AppComponentDependencies>[]</AppComponentDependencies>
      <CanConsumeAppPass>1</CanConsumeAppPass>
      <CanvasAppType>0</CanvasAppType>
      <BypassConsent>0</BypassConsent>
      <AdminControlBypassConsent>0</AdminControlBypassConsent>
      <EmbeddedApp xsi:nil="true"></EmbeddedApp>
      <IntroducedVersion>1.0</IntroducedVersion>
      <CdsDependencies>{"cdsdependencies":[{"logicalname":"account","componenttype":1}]}</CdsDependencies>
      <IsCustomizable>1</IsCustomizable>
      <BackgroundImageUri>/CanvasApps/pbo_sapbankmanagementpbo_0cc59_BackgroundImageUri</BackgroundImageUri>
      <DocumentUri>/CanvasApps/pbo_sapbankmanagementpbo_0cc59_DocumentUri.msapp</DocumentUri>
    </CanvasApp>
  </CanvasApps>
  <Connectors>
    <Connector>
      <connectorid>ef985e6e-fbeb-4e88-a400-6a14056ef5ad</connectorid>
      <description>Get Country List
API Doc : https://countrylayer.com/documentation/</description>
      <displayname>CountryCode</displayname>
      <iconbrandcolor>#007ee5</iconbrandcolor>
      <name>pbo_5Fcountrycode</name>
      <connectortype>1</connectortype>
      <openapidefinition>/Connector/pbo_5Fcountrycode_openapidefinition.json</openapidefinition>
      <connectionparameters>/Connector/pbo_5Fcountrycode_connectionparameters.json</connectionparameters>
      <policytemplateinstances>/Connector/pbo_5Fcountrycode_policytemplateinstances.json</policytemplateinstances>
      <iconblob>/Connector/pbo_5Fcountrycode_iconblob.Jpeg</iconblob>
    </Connector>
  </Connectors>
  <connectionreferences>
    <connectionreference connectionreferencelogicalname="new_sharedsap20odata205bsample5d20connector5f189f75fa3ed1b65ac928ff_a3124">
      <connectionreferencedisplayname>SAP ODATA [Sample] Connector</connectionreferencedisplayname>
      <connectorid>/providers/Microsoft.PowerApps/apis/shared_sap-20odata-20-5bsample-5d-20connector-5f189f75-fa3ed1b65ac928ff</connectorid>
      <iscustomizable>1</iscustomizable>
      <statecode>0</statecode>
      <statuscode>1</statuscode>
    </connectionreference>
    <connectionreference connectionreferencelogicalname="new_sharedsaperp_acde7">
      <connectionreferencedisplayname>SAP ERP</connectionreferencedisplayname>
      <connectorid>/providers/Microsoft.PowerApps/apis/shared_saperp</connectorid>
      <iscustomizable>1</iscustomizable>
      <statecode>0</statecode>
      <statuscode>1</statuscode>
    </connectionreference>
    <connectionreference connectionreferencelogicalname="new_sharedsaperp_cc2d8">
      <connectionreferencedisplayname>SAP ERP</connectionreferencedisplayname>
      <connectorid>/providers/Microsoft.PowerApps/apis/shared_saperp</connectorid>
      <iscustomizable>1</iscustomizable>
      <statecode>0</statecode>
      <statuscode>1</statuscode>
    </connectionreference>
    <connectionreference connectionreferencelogicalname="pbo_CNX_BlobStorage">
      <connectionreferencedisplayname>CNX_BlobStorage</connectionreferencedisplayname>
      <connectorid>/providers/Microsoft.PowerApps/apis/shared_azureblob</connectorid>
      <iscustomizable>1</iscustomizable>
      <statecode>0</statecode>
      <statuscode>1</statuscode>
    </connectionreference>
    <connectionreference connectionreferencelogicalname="pbo_CNX_ComputerVision">
      <connectionreferencedisplayname>CNX_ComputerVision</connectionreferencedisplayname>
      <connectorid>/providers/Microsoft.PowerApps/apis/shared_cognitiveservicescomputervision</connectorid>
      <iscustomizable>1</iscustomizable>
      <statecode>0</statecode>
      <statuscode>1</statuscode>
    </connectionreference>
    <connectionreference connectionreferencelogicalname="pbo_CNX_S4HANA">
      <connectionreferencedisplayname>CNX_S4HANA</connectionreferencedisplayname>
      <connectorid>/providers/Microsoft.PowerApps/apis/shared_saperp</connectorid>
      <description>CNX_S4HANA2021</description>
      <iscustomizable>1</iscustomizable>
      <statecode>0</statecode>
      <statuscode>1</statuscode>
    </connectionreference>
  </connectionreferences>
  <Languages>
    <Language>1033</Language>
  </Languages>
</ImportExportXml>