<ImportExportXml version="9.2.22121.162" SolutionPackageVersion="9.2" languagecode="1033" generatedBy="CrmLive" xmlns:xsi="http://www.w3.org/2001/XMLSchema-instance">
  <SolutionManifest>
    <UniqueName>PowerAppswithSAP</UniqueName>
    <LocalizedNames>
      <LocalizedName description="PowerApps with SAP" languagecode="1033" />
    </LocalizedNames>
    <Descriptions />
    <Version>1.0.0.6</Version>
    <Managed>0</Managed>
    <Publisher>
      <UniqueName>piebou</UniqueName>
      <LocalizedNames>
        <LocalizedName description="PieBou" languagecode="1033" />
      </LocalizedNames>
      <Descriptions>
        <Description description="PieBou" languagecode="1033" />
      </Descriptions>
      <EMailAddress xsi:nil="true"></EMailAddress>
      <SupportingWebsiteUrl xsi:nil="true"></SupportingWebsiteUrl>
      <CustomizationPrefix>pbo</CustomizationPrefix>
      <CustomizationOptionValuePrefix>85891</CustomizationOptionValuePrefix>
      <Addresses>
        <Address>
          <AddressNumber>1</AddressNumber>
          <AddressTypeCode>1</AddressTypeCode>
          <City xsi:nil="true"></City>
          <County xsi:nil="true"></County>
          <Country xsi:nil="true"></Country>
          <Fax xsi:nil="true"></Fax>
          <FreightTermsCode xsi:nil="true"></FreightTermsCode>
          <ImportSequenceNumber xsi:nil="true"></ImportSequenceNumber>
          <Latitude xsi:nil="true"></Latitude>
          <Line1 xsi:nil="true"></Line1>
          <Line2 xsi:nil="true"></Line2>
          <Line3 xsi:nil="true"></Line3>
          <Longitude xsi:nil="true"></Longitude>
          <Name xsi:nil="true"></Name>
          <PostalCode xsi:nil="true"></PostalCode>
          <PostOfficeBox xsi:nil="true"></PostOfficeBox>
          <PrimaryContactName xsi:nil="true"></PrimaryContactName>
          <ShippingMethodCode>1</ShippingMethodCode>
          <StateOrProvince xsi:nil="true"></StateOrProvince>
          <Telephone1 xsi:nil="true"></Telephone1>
          <Telephone2 xsi:nil="true"></Telephone2>
          <Telephone3 xsi:nil="true"></Telephone3>
          <TimeZoneRuleVersionNumber xsi:nil="true"></TimeZoneRuleVersionNumber>
          <UPSZone xsi:nil="true"></UPSZone>
          <UTCOffset xsi:nil="true"></UTCOffset>
          <UTCConversionTimeZoneCode xsi:nil="true"></UTCConversionTimeZoneCode>
        </Address>
        <Address>
          <AddressNumber>2</AddressNumber>
          <AddressTypeCode>1</AddressTypeCode>
          <City xsi:nil="true"></City>
          <County xsi:nil="true"></County>
          <Country xsi:nil="true"></Country>
          <Fax xsi:nil="true"></Fax>
          <FreightTermsCode xsi:nil="true"></FreightTermsCode>
          <ImportSequenceNumber xsi:nil="true"></ImportSequenceNumber>
          <Latitude xsi:nil="true"></Latitude>
          <Line1 xsi:nil="true"></Line1>
          <Line2 xsi:nil="true"></Line2>
          <Line3 xsi:nil="true"></Line3>
          <Longitude xsi:nil="true"></Longitude>
          <Name xsi:nil="true"></Name>
          <PostalCode xsi:nil="true"></PostalCode>
          <PostOfficeBox xsi:nil="true"></PostOfficeBox>
          <PrimaryContactName xsi:nil="true"></PrimaryContactName>
          <ShippingMethodCode>1</ShippingMethodCode>
          <StateOrProvince xsi:nil="true"></StateOrProvince>
          <Telephone1 xsi:nil="true"></Telephone1>
          <Telephone2 xsi:nil="true"></Telephone2>
          <Telephone3 xsi:nil="true"></Telephone3>
          <TimeZoneRuleVersionNumber xsi:nil="true"></TimeZoneRuleVersionNumber>
          <UPSZone xsi:nil="true"></UPSZone>
          <UTCOffset xsi:nil="true"></UTCOffset>
          <UTCConversionTimeZoneCode xsi:nil="true"></UTCConversionTimeZoneCode>
        </Address>
      </Addresses>
    </Publisher>
    <RootComponents>
      <RootComponent type="1" schemaName="account" behavior="2" />
      <RootComponent type="29" id="{1437eb27-a34d-ec11-8c62-6045bd8c1be2}" behavior="0" />
      <RootComponent type="29" id="{1c84ad41-5041-eb11-a813-000d3a210a15}" behavior="0" />
      <RootComponent type="29" id="{22e5a66c-5041-eb11-a813-000d3a200cf3}" behavior="0" />
      <RootComponent type="29" id="{4490f71c-5041-eb11-a813-000d3a210a15}" behavior="0" />
      <RootComponent type="29" id="{68636a9c-a34b-ec11-8c62-6045bd8c1be2}" behavior="0" />
      <RootComponent type="29" id="{8a14c4cb-4f41-eb11-a813-000d3a210a15}" behavior="0" />
      <RootComponent type="29" id="{acf416c8-994d-ec11-8c62-6045bd8c11fa}" behavior="0" />
      <RootComponent type="60" id="{2f8ef2d4-449d-eb11-b1ac-000d3a2c9df7}" behavior="0" />
      <RootComponent type="60" id="{bc7f44d8-bf9d-eb11-b1ac-000d3a2c9df7}" behavior="0" />
      <RootComponent type="60" id="{ed80fbcc-429d-eb11-b1ac-000d3a2c94ec}" behavior="0" />
      <RootComponent type="62" schemaName="pbo_SAPinModelDrivenApp" behavior="0" />
      <RootComponent type="80" schemaName="pbo_SAPinModelDrivenApp" behavior="0" />
      <RootComponent type="300" schemaName="pbo_accountlistpowerbi_11d0e" behavior="0" />
      <RootComponent type="300" schemaName="pbo_sapbankmanagementpbo_0cc59" behavior="0" />
      <RootComponent type="300" schemaName="pbo_sapbankmanagement_8f920" behavior="0" />
      <RootComponent type="372" id="{ef985e6e-fbeb-4e88-a400-6a14056ef5ad}" schemaName="pbo_5Fcountrycode" behavior="0" />
    </RootComponents>
    <MissingDependencies>
      <MissingDependency>
        <Required type="26" schemaName="All Accounts" displayName="All Accounts" parentSchemaName="account" parentDisplayName="Account" solution="msdynce_AppCommon (9.0.4.0066)" id="{65ffaf9a-e8c5-432d-860b-32f841b00d87}">
          <package>msdynce_AppCommonAnchor (9.0.22121.10001)</package>
        </Required>
        <Dependent type="60" displayName="Account Dashboard" id="{2f8ef2d4-449d-eb11-b1ac-000d3a2c9df7}" />
      </MissingDependency>
      <MissingDependency>
        <Required type="60" displayName="Account Reference Panel" parentDisplayName="Account" solution="msdynce_AppCommon (9.0.4.0066)" id="{098ae145-1567-41ec-8398-86dbaac70c9b}">
          <package>msdynce_AppCommonAnchor (9.0.22121.10001)</package>
        </Required>
        <Dependent type="80" schemaName="pbo_SAPinModelDrivenApp" displayName="SAP in Model Driven App" />
      </MissingDependency>
      <MissingDependency>
        <Required type="60" displayName="Contact" parentDisplayName="Contact" solution="msdynce_AppCommon (9.0.4.0066)" id="{1fed44d1-ae68-4a41-bd2b-f13acac4acfa}">
          <package>msdynce_AppCommonAnchor (9.0.22121.10001)</package>
        </Required>
        <Dependent type="80" schemaName="pbo_SAPinModelDrivenApp" displayName="SAP in Model Driven App" />
      </MissingDependency>
      <MissingDependency>
        <Required type="60" displayName="Social Profiles" parentDisplayName="Account" solution="msdynce_AppCommon (9.0.4.0066)" id="{2205c86d-ed88-4a2f-a447-3b86a8781f2e}">
          <package>msdynce_AppCommonAnchor (9.0.22121.10001)</package>
        </Required>
        <Dependent type="80" schemaName="pbo_SAPinModelDrivenApp" displayName="SAP in Model Driven App" />
      </MissingDependency>
      <MissingDependency>
        <Required type="60" displayName="account contact card" parentDisplayName="Contact" solution="msdynce_AppCommon (9.0.4.0066)" id="{29de27bc-a257-4f29-99cf-bab4a84e688f}">
          <package>msdynce_AppCommonAnchor (9.0.22121.10001)</package>
        </Required>
        <Dependent type="60" displayName="Account" parentDisplayName="Account" id="{8448b78f-8f42-454e-8e2a-f8196b0419af}" />
      </MissingDependency>
      <MissingDependency>
        <Required type="60" displayName="account contact card" parentDisplayName="Contact" solution="msdynce_AppCommon (9.0.4.0066)" id="{29de27bc-a257-4f29-99cf-bab4a84e688f}">
          <package>msdynce_AppCommonAnchor (9.0.22121.10001)</package>
        </Required>
        <Dependent type="80" schemaName="pbo_SAPinModelDrivenApp" displayName="SAP in Model Driven App" />
      </MissingDependency>
      <MissingDependency>
        <Required type="60" displayName="Live Persona Card Form" parentDisplayName="Contact" solution="msdynce_AppCommonPatch201904 (9.0.22121.10001)" id="{449faa0e-f471-48ec-87d0-4719909546d2}">
          <package>msdynce_AppCommonAnchor (9.0.22121.10001)</package>
        </Required>
        <Dependent type="80" schemaName="pbo_SAPinModelDrivenApp" displayName="SAP in Model Driven App" />
      </MissingDependency>
      <MissingDependency>
        <Required type="60" displayName="Contact Quick Create" parentDisplayName="Contact" solution="msdynce_AppCommon (9.0.4.0066)" id="{661157fe-2fc9-4eaa-835f-5bfa2f7b64f7}">
          <package>msdynce_AppCommonAnchor (9.0.22121.10001)</package>
        </Required>
        <Dependent type="80" schemaName="pbo_SAPinModelDrivenApp" displayName="SAP in Model Driven App" />
      </MissingDependency>
      <MissingDependency>
        <Required type="60" displayName="contact card" parentDisplayName="Contact" solution="msdynce_AppCommon (9.0.4.0066)" id="{707fc57b-c5e6-471b-a180-e37ed28a38e2}">
          <package>msdynce_AppCommonAnchor (9.0.22121.10001)</package>
        </Required>
        <Dependent type="80" schemaName="pbo_SAPinModelDrivenApp" displayName="SAP in Model Driven App" />
      </MissingDependency>
      <MissingDependency>
        <Required type="60" displayName="Social Profiles" parentDisplayName="Contact" solution="msdynce_AppCommon (9.0.4.0066)" id="{7bb87dfd-ec3e-4ed9-8e3e-5725d3067295}">
          <package>msdynce_AppCommonAnchor (9.0.22121.10001)</package>
        </Required>
        <Dependent type="80" schemaName="pbo_SAPinModelDrivenApp" displayName="SAP in Model Driven App" />
      </MissingDependency>
      <MissingDependency>
        <Required type="60" displayName="Account" parentDisplayName="Account" solution="msdynce_AppCommon (9.0.4.0066)" id="{8448b78f-8f42-454e-8e2a-f8196b0419af}">
          <package>msdynce_AppCommonAnchor (9.0.22121.10001)</package>
        </Required>
        <Dependent type="60" displayName="Account" parentDisplayName="Account" id="{8448b78f-8f42-454e-8e2a-f8196b0419af}" />
      </MissingDependency>
      <MissingDependency>
        <Required type="60" displayName="account card" parentDisplayName="Account" solution="msdynce_AppCommon (9.0.4.0066)" id="{b028db32-3619-48a5-ac51-cf3f947b0ef3}">
          <package>msdynce_AppCommonAnchor (9.0.22121.10001)</package>
        </Required>
        <Dependent type="80" schemaName="pbo_SAPinModelDrivenApp" displayName="SAP in Model Driven App" />
      </MissingDependency>
      <MissingDependency>
        <Required type="60" displayName="Contact Quick Form" parentDisplayName="Contact" solution="msdynce_AppCommon (9.0.4.0066)" id="{bdb0ae1c-32fa-4374-b637-8dafe107bc44}">
          <package>msdynce_AppCommonAnchor (9.0.22121.10001)</package>
        </Required>
        <Dependent type="80" schemaName="pbo_SAPinModelDrivenApp" displayName="SAP in Model Driven App" />
      </MissingDependency>
      <MissingDependency>
        <Required type="60" displayName="Account Quick Create" parentDisplayName="Account" solution="msdynce_AppCommon (9.0.4.0066)" id="{c9e7ec2d-efca-4e4c-b3e3-f63c4bba5e4b}">
          <package>msdynce_AppCommonAnchor (9.0.22121.10001)</package>
        </Required>
        <Dependent type="80" schemaName="pbo_SAPinModelDrivenApp" displayName="SAP in Model Driven App" />
      </MissingDependency>
      <MissingDependency>
        <Required type="60" displayName="Contact Reference Panel" parentDisplayName="Contact" solution="msdynce_AppCommon (9.0.4.0066)" id="{d880c3cf-80e2-42f3-82f9-24d040d09f17}">
          <package>msdynce_AppCommonAnchor (9.0.22121.10001)</package>
        </Required>
        <Dependent type="80" schemaName="pbo_SAPinModelDrivenApp" displayName="SAP in Model Driven App" />
      </MissingDependency>
      <MissingDependency>
        <Required type="60" displayName="Recent Cases and Entitlements" parentDisplayName="Contact" solution="msdynce_AppCommon (9.0.4.0066)" id="{f3b707fb-3b5f-45f9-9c6b-5e573bb5d19e}">
          <package>msdynce_AppCommonAnchor (9.0.22121.10001)</package>
        </Required>
        <Dependent type="80" schemaName="pbo_SAPinModelDrivenApp" displayName="SAP in Model Driven App" />
      </MissingDependency>
      <MissingDependency>
        <Required type="61" schemaName="msdyn_/Images/AppModule_Default_Icon.png" displayName="msdyn_/Images/AppModule_Default_Icon.png" solution="AppModuleWebResources (2.5)" />
        <Dependent type="80" schemaName="pbo_SAPinModelDrivenApp" displayName="SAP in Model Driven App" />
      </MissingDependency>
      <MissingDependency>
        <Required type="66" schemaName="MscrmControls.Canvas.CanvasControl" displayName="MscrmControls.Canvas.CanvasControl" solution="BaseCustomControlsCore (9.0.2211.4023)" />
        <Dependent type="60" displayName="Account" parentDisplayName="Account" id="{8448b78f-8f42-454e-8e2a-f8196b0419af}" />
      </MissingDependency>
      <MissingDependency>
        <Required type="66" schemaName="MscrmControls.CardFeedContainer.CardFeedContainer" displayName="MscrmControls.CardFeedContainer.CardFeedContainer" solution="BaseCustomControlsCore (9.0.2211.4023)" />
        <Dependent type="60" displayName="Account" parentDisplayName="Account" id="{8448b78f-8f42-454e-8e2a-f8196b0419af}" />
      </MissingDependency>
    </MissingDependencies>
  </SolutionManifest>
</ImportExportXml>