{
  "properties": {
    "connectionReferences": {
      "shared_sap-20odata-20connector-5fc7cc3d5d9ac403c5-5fd67991090fccf8a3": {
        "runtimeSource": "invoker",
        "connection": {
          "connectionReferenceLogicalName": "new_sharedsap20odata20connector5fc7cc3d5d9ac403c55fd67991090fccf8a3_bacfe"
        },
        "api": {
          "name": "shared_sap-20odata-20connector-5fc7cc3d5d9ac403c5-5fd67991090fccf8a3",
          "logicalName": "sapazfr_sap-20odata-20connector"
        }
      }
    },
    "definition": {
      "$schema": "https://schema.management.azure.com/providers/Microsoft.Logic/schemas/2016-06-01/workflowdefinition.json#",
      "contentVersion": "1.0.0.0",
      "parameters": {
        "$connections": {
          "defaultValue": {},
          "type": "Object"
        },
        "$authentication": {
          "defaultValue": {},
          "type": "SecureObject"
        }
      },
      "triggers": {
        "manual": {
          "metadata": {
            "operationMetadataId": "0cf48e43-8585-47b7-ab4c-d978827c7b2d"
          },
          "type": "Request",
          "kind": "PowerAppV2",
          "inputs": {
            "schema": {
              "type": "object",
              "properties": {
                "text": {
                  "title": "ProductID",
                  "type": "string",
                  "x-ms-dynamically-added": true,
                  "description": "Tapez votre entrée",
                  "x-ms-content-hint": "TEXT"
                },
                "text_1": {
                  "title": "ProductCategory",
                  "type": "string",
                  "x-ms-dynamically-added": true,
                  "description": "Tapez votre entrée",
                  "x-ms-content-hint": "TEXT"
                },
                "text_2": {
                  "title": "ProductName",
                  "type": "string",
                  "x-ms-dynamically-added": true,
                  "description": "Tapez votre entrée",
                  "x-ms-content-hint": "TEXT"
                },
                "text_3": {
                  "title": "SupplierID",
                  "type": "string",
                  "x-ms-dynamically-added": true,
                  "description": "Tapez votre entrée",
                  "x-ms-content-hint": "TEXT"
                },
                "number": {
                  "title": "ProductTax",
                  "type": "number",
                  "x-ms-dynamically-added": true,
                  "description": "Entrez un nombre",
                  "x-ms-content-hint": "NUMBER"
                },
                "text_4": {
                  "title": "ProductCurrency",
                  "type": "string",
                  "x-ms-dynamically-added": true,
                  "description": "Tapez votre entrée",
                  "x-ms-content-hint": "TEXT"
                },
                "text_5": {
                  "title": "ProductPrice",
                  "type": "string",
                  "x-ms-dynamically-added": true,
                  "description": "Tapez votre entrée",
                  "x-ms-content-hint": "TEXT"
                },
                "text_6": {
                  "title": "ProductDesc",
                  "type": "string",
                  "x-ms-dynamically-added": true,
                  "description": "Tapez votre entrée",
                  "x-ms-content-hint": "TEXT"
                }
              },
              "required": [
                "text",
                "text_1",
                "text_2",
                "text_3",
                "number",
                "text_4",
                "text_5",
                "text_6"
              ]
            }
          }
        }
      },
      "actions": {
        "Get_product": {
          "runAfter": {},
          "metadata": {
            "operationMetadataId": "287bae2d-2dae-46e9-91e9-77d72bf73637"
          },
          "type": "OpenApiConnection",
          "inputs": {
            "host": {
              "connectionName": "shared_sap-20odata-20connector-5fc7cc3d5d9ac403c5-5fd67991090fccf8a3",
              "operationId": "GetProduct",
              "apiId": ""
            },
            "parameters": {
              "id": "HT-2000",
              "x-csrf-token": "fetch"
            },
            "authentication": "@parameters('$authentication')"
          }
        },
        "Add_product": {
          "runAfter": {
            "Get_product": [
              "Succeeded"
            ]
          },
          "metadata": {
            "operationMetadataId": "04f0e9b9-9320-4fb5-8bbc-7123f28b7195"
          },
          "type": "OpenApiConnection",
          "inputs": {
            "host": {
              "connectionName": "shared_sap-20odata-20connector-5fc7cc3d5d9ac403c5-5fd67991090fccf8a3",
              "operationId": "AddProduct",
              "apiId": ""
            },
            "parameters": {
              "x-csrf-token": "@outputs('Get_product')?['headers/x-csrf-token']",
              "x-ms-cookie-header": "@replace(outputs('Get_product')?['headers/Set-Cookie'],',',';')",
              "body/ProductID": "@triggerBody()['text']",
              "body/TypeCode": "PR",
              "body/Category": "@triggerBody()['text_1']",
              "body/Name": "@triggerBody()['text_2']",
              "body/SupplierID": "@triggerBody()['text_3']",
              "body/TaxTarifCode": "@triggerBody()['number']",
              "body/CurrencyCode": "@triggerBody()['text_4']",
              "body/Price": "@triggerBody()['text_5']",
              "body/Description": "@triggerBody()['text_6']",
              "body/MeasureUnit": "PC"
            },
            "authentication": "@parameters('$authentication')"
          }
        },
        "Init_var_statusCode": {
          "runAfter": {
            "Add_product": [
              "Succeeded"
            ]
          },
          "metadata": {
            "operationMetadataId": "17115932-f2c9-4ab6-b778-1e58c25e7518"
          },
          "type": "InitializeVariable",
          "inputs": {
            "variables": [
              {
                "name": "var_statusCode",
                "type": "integer",
                "value": "@outputs('Add_product')?['statusCode']"
              }
            ]
          }
        },
        "Répondre_à_une_instance_PowerApp": {
          "runAfter": {
            "Init_var_statusCode": [
              "Succeeded"
            ]
          },
          "metadata": {
            "operationMetadataId": "2c025fee-8093-4ae7-8e51-7fb83e8e99da"
          },
          "type": "Response",
          "kind": "PowerApp",
          "inputs": {
            "statusCode": 200,
            "body": {
              "outputvalue": "@{variables('var_statusCode')}"
            },
            "schema": {
              "type": "object",
              "properties": {
                "outputvalue": {
                  "title": "OutputValue",
                  "x-ms-dynamically-added": true,
                  "type": "number"
                }
              }
            }
          }
        }
      }
    },
    "templateName": ""
  },
  "schemaVersion": "1.0.0.0"
}