{
  "properties": {
    "connectionReferences": {
      "shared_sap-20odata-20connector-5fc7cc3d5d9ac403c5-5fd67991090fccf8a3": {
        "runtimeSource": "invoker",
        "connection": {
          "connectionReferenceLogicalName": "new_sharedsap20odata20connector5fc7cc3d5d9ac403c55fd67991090fccf8a3_bacfe"
        },
        "api": {
          "name": "shared_sap-20odata-20connector-5fc7cc3d5d9ac403c5-5fd67991090fccf8a3",
          "logicalName": "sapazfr_sap-20odata-20connector"
        }
      },
      "shared_teams": {
        "runtimeSource": "invoker",
        "connection": {
          "connectionReferenceLogicalName": "sapazfr_sharedteams_44351"
        },
        "api": {
          "name": "shared_teams"
        }
      }
    },
    "definition": {
      "$schema": "https://schema.management.azure.com/providers/Microsoft.Logic/schemas/2016-06-01/workflowdefinition.json#",
      "contentVersion": "1.0.0.0",
      "parameters": {
        "$connections": {
          "defaultValue": {},
          "type": "Object"
        },
        "$authentication": {
          "defaultValue": {},
          "type": "SecureObject"
        }
      },
      "triggers": {
        "manual": {
          "metadata": {
            "operationMetadataId": "c51a30bf-e953-4cc0-906b-29ceb6972b65"
          },
          "type": "Request",
          "kind": "PowerAppV2",
          "inputs": {
            "schema": {
              "type": "object",
              "properties": {
                "text": {
                  "title": "ProductID",
                  "type": "string",
                  "x-ms-dynamically-added": true,
                  "description": "Tapez votre entrée",
                  "x-ms-content-hint": "TEXT"
                },
                "text_1": {
                  "title": "ProductEtag",
                  "type": "string",
                  "x-ms-dynamically-added": true,
                  "description": "Tapez votre entrée",
                  "x-ms-content-hint": "TEXT"
                },
                "text_2": {
                  "title": "ProductName",
                  "type": "string",
                  "x-ms-dynamically-added": true,
                  "description": "Tapez votre entrée",
                  "x-ms-content-hint": "TEXT"
                },
                "text_3": {
                  "title": "ProductDesc",
                  "type": "string",
                  "x-ms-dynamically-added": true,
                  "description": "Tapez votre entrée",
                  "x-ms-content-hint": "TEXT"
                },
                "text_4": {
                  "title": "ProductPrice",
                  "type": "string",
                  "x-ms-dynamically-added": true,
                  "description": "Tapez votre entrée",
                  "x-ms-content-hint": "TEXT"
                }
              },
              "required": [
                "text",
                "text_1",
                "text_2",
                "text_3",
                "text_4"
              ]
            }
          }
        }
      },
      "actions": {
        "Get_product": {
          "runAfter": {},
          "metadata": {
            "operationMetadataId": "cb2f129d-0560-4381-ba61-662663f70957"
          },
          "type": "OpenApiConnection",
          "inputs": {
            "host": {
              "connectionName": "shared_sap-20odata-20connector-5fc7cc3d5d9ac403c5-5fd67991090fccf8a3",
              "operationId": "GetProduct",
              "apiId": ""
            },
            "parameters": {
              "id": "@triggerBody()['text']",
              "x-csrf-token": "fetch"
            },
            "authentication": "@parameters('$authentication')"
          }
        },
        "Update_product": {
          "runAfter": {
            "Get_product": [
              "Succeeded"
            ]
          },
          "metadata": {
            "operationMetadataId": "7334f496-6c14-472f-8671-67bed9f802d3"
          },
          "type": "OpenApiConnection",
          "inputs": {
            "host": {
              "connectionName": "shared_sap-20odata-20connector-5fc7cc3d5d9ac403c5-5fd67991090fccf8a3",
              "operationId": "UpdateProduct",
              "apiId": ""
            },
            "parameters": {
              "id": "@triggerBody()['text']",
              "x-csrf-token": "@outputs('Get_product')?['headers/x-csrf-token']",
              "x-ms-cookie-header": "@replace(outputs('Get_product')?['headers/Set-Cookie'],',',';')",
              "If-Match": "@triggerBody()['text_1']",
              "body/Name": "@triggerBody()['text_2']",
              "body/Description": "@triggerBody()['text_3']",
              "body/Price": "@triggerBody()['text_4']"
            },
            "authentication": "@parameters('$authentication')"
          }
        },
        "Répondre_à_une_instance_PowerApp": {
          "runAfter": {
            "Init_var_statusCode": [
              "Succeeded"
            ]
          },
          "metadata": {
            "operationMetadataId": "bd89667d-6eea-430d-881e-ffd3c6765fb2"
          },
          "type": "Response",
          "kind": "PowerApp",
          "inputs": {
            "statusCode": 200,
            "body": {
              "outputvalue": "@variables('var_statusCode')"
            },
            "schema": {
              "type": "object",
              "properties": {
                "outputvalue": {
                  "title": "OutputValue",
                  "x-ms-dynamically-added": true,
                  "type": "number"
                }
              }
            }
          }
        },
        "Init_var_statusCode": {
          "runAfter": {
            "Update_product": [
              "Succeeded"
            ]
          },
          "metadata": {
            "operationMetadataId": "45e8c96d-f398-43e4-9483-8826408ebd42"
          },
          "type": "InitializeVariable",
          "inputs": {
            "variables": [
              {
                "name": "var_statusCode",
                "type": "integer",
                "value": "@outputs('Update_product')['statusCode']"
              }
            ]
          }
        },
        "Condition": {
          "actions": {
            "Publier_le_message_dans_une_conversation_instantanée_ou_un_canal": {
              "runAfter": {},
              "metadata": {
                "operationMetadataId": "2a72d1d8-68fc-46b3-990f-06add0fd26b1"
              },
              "type": "OpenApiConnection",
              "inputs": {
                "host": {
                  "connectionName": "shared_teams",
                  "operationId": "PostMessageToConversation",
                  "apiId": "/providers/Microsoft.PowerApps/apis/shared_teams"
                },
                "parameters": {
                  "poster": "Flow bot",
                  "location": "Chat with Flow bot",
                  "body/recipient": "wkdang@saponazurefr.onmicrosoft.com;",
                  "body/messageBody": "<p>the product @{outputs('Get_product')?['body/d/ProductID']}, @{outputs('Get_product')?['body/d/Name']} has been updated</p>"
                },
                "authentication": "@parameters('$authentication')"
              }
            }
          },
          "runAfter": {
            "Init_var_statusCode": [
              "Succeeded"
            ]
          },
          "expression": {
            "and": [
              {
                "greaterOrEquals": [
                  "@variables('var_statusCode')",
                  200
                ]
              },
              {
                "less": [
                  "@variables('var_statusCode')",
                  300
                ]
              }
            ]
          },
          "metadata": {
            "operationMetadataId": "b3309835-5ff4-43df-8b99-a0d2560aade6"
          },
          "type": "If"
        }
      }
    },
    "templateName": ""
  },
  "schemaVersion": "1.0.0.0"
}