{
  "properties": {
    "connectionReferences": {
      "shared_sap-20odata-20connector-5fc7cc3d5d9ac403c5-5fd67991090fccf8a3": {
        "runtimeSource": "embedded",
        "connection": {},
        "api": {
          "name": "shared_sap-20odata-20connector-5fc7cc3d5d9ac403c5-5fd67991090fccf8a3",
          "logicalName": "sapazfr_sap-20odata-20connector"
        }
      }
    },
    "definition": {
      "$schema": "https://schema.management.azure.com/providers/Microsoft.Logic/schemas/2016-06-01/workflowdefinition.json#",
      "contentVersion": "1.0.0.0",
      "parameters": {
        "$connections": {
          "defaultValue": {},
          "type": "Object"
        },
        "$authentication": {
          "defaultValue": {},
          "type": "SecureObject"
        }
      },
      "triggers": {
        "manual": {
          "metadata": {
            "operationMetadataId": "03401392-ffb2-4c82-8912-c39be1063034"
          },
          "type": "Request",
          "kind": "Button",
          "inputs": {
            "schema": {
              "type": "object",
              "properties": {},
              "required": []
            }
          }
        }
      },
      "actions": {
        "Get_product": {
          "runAfter": {},
          "metadata": {
            "operationMetadataId": "7b00e640-6bae-42c7-908b-09861554cf01"
          },
          "type": "OpenApiConnection",
          "inputs": {
            "host": {
              "connectionName": "shared_sap-20odata-20connector-5fc7cc3d5d9ac403c5-5fd67991090fccf8a3",
              "operationId": "GetProduct",
              "apiId": ""
            },
            "parameters": {
              "id": "HT-2000",
              "x-csrf-token": "fetch"
            },
            "authentication": {
              "type": "Raw",
              "value": "@json(decodeBase64(triggerOutputs().headers['X-MS-APIM-Tokens']))['$ConnectionKey']"
            }
          }
        },
        "Message": {
          "runAfter": {
            "Get_product": [
              "Succeeded"
            ]
          },
          "metadata": {
            "operationMetadataId": "5a6fe60a-d347-4b7e-86d2-8a36987bc369"
          },
          "type": "Compose",
          "inputs": "@{outputs('Get_product')?['headers/x-csrf-token']}\n@{outputs('Get_product')?['headers/Set-Cookie']}"
        },
        "Update_product": {
          "runAfter": {
            "Message": [
              "Succeeded"
            ]
          },
          "trackedProperties": {
            "statuscode": ""
          },
          "metadata": {
            "operationMetadataId": "4b498a70-fd5e-4529-abc8-32fee4e1c47f"
          },
          "type": "OpenApiConnection",
          "inputs": {
            "host": {
              "connectionName": "shared_sap-20odata-20connector-5fc7cc3d5d9ac403c5-5fd67991090fccf8a3",
              "operationId": "UpdateProduct",
              "apiId": ""
            },
            "parameters": {
              "id": "@outputs('Get_product')?['body/d/ProductID']",
              "x-csrf-token": "@outputs('Get_product')?['headers/x-csrf-token']",
              "x-ms-cookie-header": "@replace(outputs('Get_product')?['headers/Set-Cookie'],',',';')",
              "If-Match": "@outputs('Get_product')?['body/d/__metadata/etag']",
              "body/Price": "129"
            },
            "authentication": {
              "type": "Raw",
              "value": "@json(decodeBase64(triggerOutputs().headers['X-MS-APIM-Tokens']))['$ConnectionKey']"
            }
          }
        },
        "Message_2": {
          "runAfter": {
            "Update_product": [
              "Succeeded"
            ]
          },
          "metadata": {
            "operationMetadataId": "21efe7f9-8381-4430-af22-8d5193bb8e03"
          },
          "type": "Compose",
          "inputs": "@body('Update_product')"
        },
        "Analyser_JSON": {
          "runAfter": {
            "Message_2": [
              "Succeeded"
            ]
          },
          "metadata": {
            "operationMetadataId": "6e61679d-a91d-4771-80ec-1dc5c5b6c183"
          },
          "type": "ParseJson",
          "inputs": {
            "content": "@outputs('Message_2')",
            "schema": {
              "type": "object",
              "properties": {
                "statusCode": {
                  "type": "integer"
                },
                "headers": {
                  "type": "object",
                  "properties": {
                    "dataserviceversion": {
                      "type": "string"
                    },
                    "sap-processing-info": {
                      "type": "string"
                    },
                    "sap-server": {
                      "type": "string"
                    },
                    "sap-perf-fesrec": {
                      "type": "string"
                    },
                    "x-ms-apihub-cached-response": {
                      "type": "string"
                    },
                    "x-ms-apihub-obo": {
                      "type": "string"
                    },
                    "Date": {
                      "type": "string"
                    },
                    "ETag": {
                      "type": "string"
                    },
                    "Content-Length": {
                      "type": "string"
                    }
                  }
                }
              }
            }
          }
        },
        "Message_3": {
          "runAfter": {
            "Analyser_JSON": [
              "Succeeded"
            ]
          },
          "metadata": {
            "operationMetadataId": "e711adfc-6190-481b-b293-ff4c025ae8e3"
          },
          "type": "Compose",
          "inputs": "@body('Analyser_JSON')?['statusCode']"
        }
      },
      "outputs": {}
    },
    "templateName": ""
  },
  "schemaVersion": "1.0.0.0"
}