{"swagger":"2.0","info":{"title":"Default title","description":"Get Country List\nAPI Doc : https://countrylayer.com/documentation/","version":"1.0"},"host":"api.countrylayer.com","basePath":"/v2/","schemes":["http"],"consumes":[],"produces":[],"paths":{"/all":{"get":{"responses":{"default":{"description":"default","schema":{"type":"array","items":{"type":"object","properties":{"name":{"type":"string","description":"name"},"topLevelDomain":{"type":"array","items":{"type":"string"},"description":"topLevelDomain"},"alpha2Code":{"type":"string","description":"alpha2Code"},"alpha3Code":{"type":"string","description":"alpha3Code"},"callingCodes":{"type":"array","items":{"type":"string"},"description":"callingCodes"},"capital":{"type":"string","description":"capital"},"altSpellings":{"type":"array","items":{"type":"string"},"description":"altSpellings"},"region":{"type":"string","description":"region"}}}}}},"summary":"All","description":"Get All Country","operationId":"All","parameters":[{"name":"access_key","in":"query","required":true,"type":"string","default":"b7c49437201e3c927d5e258adf77f3d9","x-ms-visibility":"internal"}]}},"/name/{country_name}":{"get":{"responses":{"default":{"description":"default","schema":{"type":"array","items":{"type":"object","properties":{"name":{"type":"string","description":"name"},"topLevelDomain":{"type":"array","items":{"type":"string"},"description":"topLevelDomain"},"alpha2Code":{"type":"string","description":"alpha2Code"},"alpha3Code":{"type":"string","description":"alpha3Code"},"callingCodes":{"type":"array","items":{"type":"string"},"description":"callingCodes"},"capital":{"type":"string","description":"capital"},"altSpellings":{"type":"array","items":{"type":"string"},"description":"altSpellings"},"region":{"type":"string","description":"region"}}}}}},"summary":"Country Detail","operationId":"CountryDetail","parameters":[{"name":"country_name","in":"path","required":true,"type":"string"},{"name":"access_key","in":"query","required":true,"type":"string","default":"b7c49437201e3c927d5e258adf77f3d9","x-ms-visibility":"internal"}],"description":"Get Country Detail"}}},"definitions":{},"parameters":{},"responses":{},"securityDefinitions":{},"security":[],"tags":[]}