<botcomponent_workflowset>
  <botcomponent_workflow botcomponentid.schemaname="new_topic_9d8845ac67824812a8b386bdec882667" workflowid.workflowid="1437eb27-a34d-ec11-8c62-6045bd8c1be2">
    <iscustomizable>1</iscustomizable>
  </botcomponent_workflow>
  <botcomponent_workflow botcomponentid.schemaname="new_topic_f05daa3fe00f4141862679aee1228be0" workflowid.workflowid="acf416c8-994d-ec11-8c62-6045bd8c11fa">
    <iscustomizable>1</iscustomizable>
  </botcomponent_workflow>
</botcomponent_workflowset>