<botcomponent_botcomponentset>
  <botcomponent_botcomponent botcomponentidone.schemaname="new_topic_9d8845ac67824812a8b386bdec882667" botcomponentidtwo.schemaname="new_topic_056dd65e9212441e9f286b9fc1a9cb3a_8a4964498f83424bb3a86295bf7d0952_startover">
    <iscustomizable>1</iscustomizable>
  </botcomponent_botcomponent>
  <botcomponent_botcomponent botcomponentidone.schemaname="new_topic_9d8845ac67824812a8b386bdec882667" botcomponentidtwo.schemaname="new_topic_056dd65e9212441e9f286b9fc1a9cb3a_aeabea4d071f415c8c107e1cb7af5424_assumedsuccess">
    <iscustomizable>1</iscustomizable>
  </botcomponent_botcomponent>
  <botcomponent_botcomponent botcomponentidone.schemaname="new_topic_f05daa3fe00f4141862679aee1228be0" botcomponentidtwo.schemaname="new_topic_056dd65e9212441e9f286b9fc1a9cb3a_8a4964498f83424bb3a86295bf7d0952_startover">
    <iscustomizable>1</iscustomizable>
  </botcomponent_botcomponent>
  <botcomponent_botcomponent botcomponentidone.schemaname="new_topic_f05daa3fe00f4141862679aee1228be0" botcomponentidtwo.schemaname="new_topic_056dd65e9212441e9f286b9fc1a9cb3a_aeabea4d071f415c8c107e1cb7af5424_assumedsuccess">
    <iscustomizable>1</iscustomizable>
  </botcomponent_botcomponent>
</botcomponent_botcomponentset>